FactID,AssignDate,DateID,ClientID,SupplierID,ProductID,Quantity,Price
1,2025-09-26,126,1,1,1,39,67.82
2,2025-07-09,47,2,2,2,41,14.58
3,2025-07-10,48,3,3,2,47,86.44
4,2025-07-01,39,4,2,3,8,59.68
5,2025-08-14,83,5,1,4,42,107.15
6,2025-09-04,104,6,2,4,18,36.93
7,2025-07-07,45,7,3,2,35,58.34
8,2025-08-13,82,8,4,5,30,107.47
9,2025-09-04,104,9,4,3,9,37.44
10,2025-10-29,159,10,3,6,14,111.38
11,2025-06-22,30,11,4,2,39,16.03
12,2025-09-11,111,12,3,6,25,73.36
13,2025-11-16,177,13,4,5,16,30.64
14,2025-10-10,140,14,1,3,14,81.64
15,2025-09-05,105,15,4,7,17,87.16
16,2025-06-09,17,16,3,8,30,54.87
17,2025-10-03,133,17,4,7,34,94.01
18,2025-11-18,179,18,1,7,17,81.88
19,2025-06-21,29,19,2,5,34,92.59
20,2025-10-25,155,20,2,4,23,31.86
21,2025-05-30,7,21,4,3,37,62.66
22,2025-10-24,154,22,1,8,1,35.82
23,2025-05-31,8,23,4,6,42,62.21
24,2025-10-07,137,24,3,2,38,75.35
25,2025-06-20,28,25,4,9,23,84.67
26,2025-11-08,169,26,2,5,14,103.6
27,2025-09-09,109,27,3,4,27,61.65
28,2025-07-25,63,28,3,8,12,70.18
29,2025-07-05,43,29,1,9,36,79.27
30,2025-06-23,31,30,3,5,8,72.91
31,2025-07-28,66,31,2,2,29,48.23
32,2025-05-27,4,32,2,1,29,104.82
33,2025-10-10,140,33,3,1,24,59.46
34,2025-06-19,27,34,1,1,37,14.37
35,2025-06-14,22,35,1,9,42,12.14
36,2025-09-16,116,36,3,5,13,60.81
37,2025-10-24,154,37,4,1,26,52.6
38,2025-06-07,15,38,4,1,2,64.85
39,2025-10-07,137,39,3,7,35,18.71
40,2025-09-03,103,40,1,3,4,95.93
41,2025-10-27,157,41,1,1,20,79.7
42,2025-10-27,157,42,1,9,43,62.09
43,2025-08-20,89,43,2,7,20,60.14
44,2025-08-23,92,44,1,9,11,58.5
45,2025-07-07,45,45,2,2,29,58.32
46,2025-07-06,44,46,4,8,25,115.48
47,2025-09-28,128,47,2,6,46,51.84
48,2025-09-03,103,48,4,9,38,20.78
49,2025-09-22,122,49,2,9,49,59.78
50,2025-09-16,116,50,2,9,7,80.52
51,2025-07-30,68,51,3,3,3,104.96
52,2025-08-20,89,52,3,9,20,66.85
53,2025-11-09,170,53,3,3,33,68.51
54,2025-07-19,57,54,1,2,3,114.89
55,2025-08-30,99,55,1,9,21,109.89
56,2025-07-06,44,56,3,9,42,68.4
57,2025-10-24,154,57,2,3,16,42.91
58,2025-10-23,153,58,3,8,6,78.97
59,2025-08-01,70,59,2,7,23,100.74
60,2025-06-06,14,60,3,9,18,106.78
61,2025-09-10,110,61,4,5,28,91.34
62,2025-08-01,70,62,1,6,3,44.57
63,2025-09-14,114,63,1,5,7,118.23
64,2025-09-25,125,64,4,8,18,84.72
65,2025-08-14,83,65,2,1,28,10.87
66,2025-06-20,28,66,4,4,36,30.67
67,2025-09-20,120,67,3,2,47,89.19
68,2025-09-26,126,68,1,7,25,50.86
69,2025-09-03,103,69,4,1,40,44.64
70,2025-10-12,142,70,1,6,24,28.39
71,2025-07-03,41,71,2,3,18,23.18
72,2025-05-26,3,72,1,3,28,23.21
73,2025-10-29,159,73,4,9,44,10.39
74,2025-05-31,8,74,1,3,45,106.75
75,2025-08-07,76,75,3,9,29,103.48
76,2025-11-05,166,76,3,8,22,119.36
77,2025-09-02,102,77,3,2,15,83.32
78,2025-10-09,139,78,3,2,44,39.6
79,2025-08-29,98,79,2,1,33,114.25
80,2025-10-31,161,80,2,7,6,12.9
81,2025-09-03,103,81,2,4,10,13.02
82,2025-10-19,149,82,1,1,8,37.85
83,2025-07-21,59,83,1,3,19,26.08
84,2025-10-06,136,84,1,6,11,32.79
85,2025-07-06,44,85,2,9,30,10.54
86,2025-10-31,161,86,4,2,42,73.23
87,2025-06-09,17,87,4,9,22,82.88
88,2025-08-21,90,88,2,1,31,115.86
89,2025-08-25,94,89,2,5,27,46.3
90,2025-09-24,124,90,3,1,21,35.02
91,2025-09-04,104,91,1,4,21,35.88
92,2025-07-01,39,92,1,3,24,104.75
93,2025-06-07,15,93,4,3,37,24.55
94,2025-08-18,87,94,4,6,17,64.77
95,2025-07-08,46,95,1,7,37,31.67
96,2025-11-08,169,96,2,6,11,20.77
97,2025-10-03,133,97,1,4,9,19.58
98,2025-10-05,135,98,3,1,49,57.86
99,2025-06-01,9,99,1,2,39,88.98
100,2025-08-09,78,100,1,7,25,59.53
101,2025-09-19,119,101,4,8,5,107.14
102,2025-09-17,117,102,1,8,34,87.78
103,2025-11-02,163,103,1,6,25,15.94
104,2025-10-27,157,104,1,5,39,46.2
105,2025-07-14,52,105,2,1,31,93.99
106,2025-06-16,24,106,2,4,28,86.04
107,2025-06-30,38,107,1,7,19,73.62
108,2025-06-02,10,108,1,4,41,18.49
109,2025-09-10,110,109,4,5,27,50.56
110,2025-08-15,84,110,2,8,17,17.0
111,2025-08-30,99,111,3,9,36,47.94
112,2025-10-25,155,112,1,2,35,14.52
113,2025-11-05,166,113,2,3,28,114.89
114,2025-09-22,122,114,2,2,37,18.5
115,2025-09-29,129,115,1,8,27,25.92
116,2025-06-07,15,116,4,6,11,27.51
117,2025-11-03,164,117,4,8,39,114.31
118,2025-05-25,2,109,1,4,1,61.29
119,2025-09-07,107,118,1,7,8,80.64
120,2025-05-24,1,119,3,2,24,65.26
121,2025-10-24,154,120,2,8,42,25.54
122,2025-09-27,127,121,3,2,28,27.12
123,2025-08-22,91,122,2,4,27,70.42
124,2025-07-21,59,123,3,2,15,75.13
125,2025-10-27,157,124,1,9,3,40.66
126,2025-10-01,131,125,4,9,50,97.3
127,2025-08-12,81,126,1,2,47,96.7
128,2025-06-16,24,127,3,5,17,15.55
129,2025-06-05,13,128,1,3,17,62.43
130,2025-08-18,87,129,3,5,12,94.89
131,2025-08-06,75,130,2,9,34,81.32
132,2025-06-26,34,131,3,8,49,13.52
133,2025-09-13,113,132,4,8,7,85.21
134,2025-09-17,117,133,3,6,36,119.08
135,2025-07-02,40,134,4,1,49,101.22
136,2025-11-14,175,135,2,2,40,56.45
137,2025-06-10,18,136,2,5,5,82.73
138,2025-06-14,22,137,4,8,46,42.35
139,2025-08-13,82,138,1,8,21,78.05
140,2025-08-21,90,3,3,9,5,14.07
141,2025-06-08,16,139,4,1,23,115.44
142,2025-06-17,25,140,3,7,13,91.8
143,2025-10-22,152,141,4,5,25,13.55
144,2025-11-11,172,142,4,6,38,92.93
145,2025-09-08,108,143,1,2,12,112.93
146,2025-10-14,144,144,3,7,21,21.64
147,2025-07-15,53,145,2,7,27,75.14
148,2025-09-12,112,146,2,3,7,61.57
149,2025-11-16,177,147,4,9,12,99.67
150,2025-05-26,3,148,4,9,18,38.66
151,2025-10-31,161,149,1,6,39,111.16
152,2025-09-17,117,150,4,4,30,111.81
153,2025-10-20,150,151,2,6,3,105.63
154,2025-07-20,58,152,1,2,37,100.33
155,2025-11-15,176,153,2,2,21,29.05
156,2025-07-25,63,154,2,1,50,113.0
157,2025-09-16,116,155,2,5,15,61.8
158,2025-07-11,49,156,3,5,39,58.39
159,2025-09-02,102,157,1,6,50,119.42
160,2025-06-23,31,158,1,2,5,26.59
161,2025-10-20,150,159,4,7,15,45.19
162,2025-11-09,170,160,3,1,12,98.65
163,2025-11-18,179,161,1,1,32,33.35
164,2025-09-14,114,162,1,1,13,64.63
165,2025-06-19,27,163,4,4,31,105.61
166,2025-06-14,22,164,1,1,15,80.1
167,2025-07-14,52,165,4,5,4,90.97
168,2025-10-09,139,166,4,2,6,59.46
169,2025-10-17,147,167,3,2,44,79.03
170,2025-08-24,93,168,3,8,16,62.59
171,2025-06-03,11,169,4,2,10,18.9
172,2025-10-05,135,170,2,2,21,40.48
173,2025-06-24,32,171,4,4,33,29.54
174,2025-06-15,23,172,1,6,33,56.12
175,2025-06-21,29,173,2,8,35,21.99
176,2025-10-31,161,174,3,9,45,65.3
177,2025-11-01,162,175,4,9,42,33.93
178,2025-07-24,62,176,3,6,10,88.99
179,2025-11-01,162,177,3,3,47,98.68
180,2025-07-30,68,178,3,3,30,65.78
181,2025-09-18,118,179,4,6,22,24.48
182,2025-11-03,164,180,4,4,7,20.14
183,2025-06-01,9,181,2,4,37,77.43
184,2025-10-06,136,182,1,9,28,41.38
185,2025-07-26,64,183,2,7,43,50.81
186,2025-08-11,80,184,1,4,21,93.22
187,2025-10-30,160,185,3,3,39,77.2
188,2025-06-23,31,186,3,9,36,116.75
189,2025-11-10,171,17,4,2,9,104.53
190,2025-08-24,93,187,4,3,3,86.25
191,2025-06-16,24,78,3,1,7,56.09
192,2025-07-21,59,188,2,9,18,46.3
193,2025-10-28,158,189,4,3,20,65.58
194,2025-09-10,110,190,1,8,20,74.31
195,2025-11-19,180,191,1,9,14,100.71
196,2025-10-29,159,192,4,4,17,30.87
197,2025-05-27,4,193,3,3,7,108.66
198,2025-10-20,150,194,2,1,20,58.08
199,2025-11-04,165,195,3,3,43,118.31
200,2025-09-20,120,196,4,6,16,59.67
201,2025-07-01,39,197,1,7,16,27.41
202,2025-05-28,5,198,1,5,6,59.36
203,2025-06-02,10,199,4,7,6,53.47
204,2025-09-13,113,200,2,5,39,14.75
205,2025-06-28,36,201,2,7,40,104.65
206,2025-06-03,11,202,4,7,38,49.2
207,2025-09-22,122,203,3,2,50,42.61
208,2025-06-11,19,118,2,1,27,13.85
209,2025-09-13,113,204,1,4,2,88.33
210,2025-11-17,178,205,2,7,4,73.99
211,2025-07-17,55,206,1,5,9,105.18
212,2025-07-25,63,207,4,3,5,64.01
213,2025-09-24,124,208,2,3,35,10.43
214,2025-11-16,177,209,3,2,25,110.27
215,2025-11-13,174,210,2,7,36,66.28
216,2025-10-09,139,211,4,5,50,11.25
217,2025-09-18,118,212,4,1,47,105.22
218,2025-06-13,21,213,3,2,16,66.75
219,2025-08-06,75,214,4,7,50,88.05
220,2025-08-17,86,1,1,5,7,42.78
221,2025-07-02,40,215,4,7,46,26.61
222,2025-06-26,34,216,4,7,16,27.78
223,2025-06-23,31,217,2,1,33,65.84
224,2025-09-18,118,218,2,3,39,49.82
225,2025-11-18,179,219,3,2,3,64.17
226,2025-07-08,46,220,3,3,45,116.75
227,2025-11-18,179,221,2,2,8,79.19
228,2025-09-02,102,222,4,5,43,93.41
229,2025-07-28,66,168,4,8,13,98.03
230,2025-09-20,120,223,4,1,6,59.24
231,2025-07-10,48,224,3,4,30,45.23
232,2025-07-24,62,225,2,6,30,85.76
233,2025-11-10,171,132,1,9,20,30.22
234,2025-07-19,57,15,3,5,44,95.64
235,2025-06-19,27,226,4,4,4,43.57
236,2025-10-08,138,227,4,7,42,41.54
237,2025-10-22,152,228,1,6,47,86.09
238,2025-10-27,157,229,1,1,15,96.92
239,2025-07-22,60,230,2,5,13,24.49
240,2025-10-09,139,231,1,7,2,17.57
241,2025-06-05,13,51,1,8,1,86.58
242,2025-07-18,56,232,1,8,8,88.4
243,2025-06-04,12,233,3,9,5,29.79
244,2025-09-01,101,234,3,1,19,22.11
245,2025-07-02,40,235,3,7,36,93.42
246,2025-06-03,11,236,1,6,34,74.03
247,2025-06-04,12,32,2,3,42,46.62
248,2025-09-19,119,226,2,2,32,23.68
249,2025-07-20,58,237,4,5,35,22.1
250,2025-07-27,65,238,3,6,32,50.59
251,2025-10-17,147,239,1,1,2,90.19
252,2025-11-03,164,240,3,4,22,36.93
253,2025-08-13,82,241,1,2,9,92.96
254,2025-11-04,165,242,1,7,19,13.85
255,2025-09-19,119,243,2,2,18,80.43
256,2025-05-29,6,244,1,6,46,50.72
257,2025-11-19,180,245,2,1,35,104.25
258,2025-10-12,142,246,2,3,3,63.42
259,2025-11-09,170,247,4,9,25,78.98
260,2025-06-02,10,248,4,6,3,59.04
261,2025-09-05,105,249,3,1,19,94.62
262,2025-08-29,98,250,1,6,20,41.08
263,2025-06-06,14,140,1,5,5,104.41
264,2025-07-21,59,251,3,6,34,55.34
265,2025-11-05,166,252,4,5,1,94.09
266,2025-06-02,10,253,2,4,1,105.04
267,2025-07-24,62,96,2,4,3,46.35
268,2025-07-04,42,254,4,7,47,41.28
269,2025-09-04,104,255,3,7,3,50.0
270,2025-06-16,24,256,1,4,37,87.94
271,2025-10-09,139,257,3,8,34,103.26
272,2025-10-20,150,258,4,2,38,111.02
273,2025-06-28,36,259,1,4,33,84.19
274,2025-09-14,114,260,3,9,46,14.79
275,2025-09-06,106,261,3,4,9,31.02
276,2025-06-23,31,262,4,1,46,85.39
277,2025-05-29,6,263,4,5,21,36.63
278,2025-09-15,115,264,1,9,1,47.08
279,2025-10-18,148,265,2,5,4,35.58
280,2025-06-30,38,266,3,4,50,46.24
281,2025-08-01,70,192,1,7,31,97.63
282,2025-08-21,90,267,2,1,47,18.71
283,2025-10-18,148,268,4,6,31,78.49
284,2025-06-07,15,269,4,8,25,97.49
285,2025-05-24,1,270,3,8,42,59.87
286,2025-07-25,63,271,2,3,11,115.97
287,2025-10-09,139,272,2,5,25,39.42
288,2025-09-23,123,273,3,7,12,115.97
289,2025-06-23,31,274,4,9,30,104.2
290,2025-09-16,116,275,3,2,12,33.96
291,2025-10-02,132,276,2,3,21,32.41
292,2025-06-29,37,128,4,9,12,107.4
293,2025-08-23,92,277,1,3,31,59.78
294,2025-08-26,95,278,2,3,42,95.9
295,2025-08-03,72,279,1,1,13,36.94
296,2025-09-28,128,280,3,2,2,99.29
297,2025-10-26,156,281,2,3,39,53.71
298,2025-10-08,138,282,4,9,17,118.14
299,2025-05-31,8,283,3,6,46,43.88
300,2025-09-12,112,284,2,1,26,66.19
301,2025-06-23,31,285,1,9,9,28.6
302,2025-06-05,13,286,4,1,6,22.22
303,2025-10-02,132,287,1,6,31,71.9
304,2025-10-25,155,288,2,9,48,17.65
305,2025-07-19,57,289,1,8,11,12.01
306,2025-06-23,31,290,3,5,14,78.83
307,2025-08-06,75,19,2,1,29,60.84
308,2025-09-13,113,133,1,8,20,30.66
309,2025-09-02,102,291,3,4,5,55.29
310,2025-08-29,98,292,4,9,24,15.95
311,2025-06-15,23,266,1,3,14,87.84
312,2025-10-23,153,293,1,3,46,63.01
313,2025-08-11,80,294,4,8,24,33.95
314,2025-08-15,84,295,1,2,15,26.56
315,2025-07-11,49,296,2,4,7,87.21
316,2025-09-01,101,297,3,3,3,48.67
317,2025-06-22,30,298,3,5,45,57.32
318,2025-09-24,124,299,4,8,7,34.63
319,2025-10-22,152,300,4,8,50,109.24
320,2025-07-13,51,301,2,6,35,58.72
321,2025-09-29,129,302,2,3,45,102.52
322,2025-06-21,29,303,2,2,2,92.89
323,2025-11-09,170,304,4,7,20,64.0
324,2025-07-11,49,305,4,8,32,104.83
325,2025-08-10,79,243,4,1,27,30.58
326,2025-06-16,24,306,4,2,10,63.3
327,2025-10-30,160,307,3,5,46,63.84
328,2025-10-23,153,223,1,4,1,38.46
329,2025-08-13,82,31,2,5,28,38.62
330,2025-10-05,135,308,2,9,8,28.66
331,2025-10-05,135,309,2,9,4,62.1
332,2025-08-04,73,310,2,6,37,53.63
333,2025-10-18,148,311,4,8,9,27.98
334,2025-08-14,83,312,1,5,31,32.68
335,2025-06-21,29,313,1,9,19,100.47
336,2025-08-22,91,314,1,4,20,37.52
337,2025-11-13,174,315,4,1,20,17.32
338,2025-09-04,104,316,4,5,24,115.84
339,2025-11-15,176,264,1,3,11,15.51
340,2025-06-11,19,317,4,4,29,14.78
341,2025-11-10,171,284,3,9,50,106.94
342,2025-10-11,141,318,4,2,30,28.98
343,2025-08-03,72,319,1,6,34,97.92
344,2025-10-03,133,320,3,5,32,108.78
345,2025-07-11,49,321,4,9,46,78.03
346,2025-10-07,137,322,3,8,13,30.89
347,2025-07-28,66,323,4,7,44,13.09
348,2025-08-13,82,87,2,8,9,62.27
349,2025-08-09,78,324,2,6,17,98.3
350,2025-07-25,63,325,3,9,5,99.31
351,2025-07-31,69,326,3,6,25,72.68
352,2025-06-29,37,60,3,9,17,46.12
353,2025-08-01,70,327,2,9,29,36.1
354,2025-09-11,111,328,2,2,28,103.96
355,2025-10-07,137,329,2,3,26,43.24
356,2025-10-30,160,330,2,2,21,40.38
357,2025-11-16,177,331,1,8,1,49.11
358,2025-11-11,172,332,2,8,50,60.01
359,2025-08-07,76,333,4,3,42,37.03
360,2025-06-19,27,334,3,9,33,69.99
361,2025-08-23,92,335,1,9,32,45.65
362,2025-07-27,65,336,3,2,41,39.32
363,2025-11-06,167,243,2,1,9,49.22
364,2025-07-24,62,337,2,1,30,11.11
365,2025-06-26,34,338,2,9,41,34.49
366,2025-08-29,98,339,1,1,21,107.07
367,2025-07-03,41,340,2,3,17,79.9
368,2025-08-06,75,341,4,1,15,104.65
369,2025-06-20,28,342,2,7,14,98.44
370,2025-06-03,11,343,3,8,46,70.05
371,2025-05-26,3,344,4,3,41,63.14
372,2025-10-11,141,345,2,1,14,57.05
373,2025-07-06,44,346,3,6,32,66.39
374,2025-09-01,101,347,2,7,25,69.82
375,2025-06-04,12,348,3,4,10,105.95
376,2025-06-18,26,349,1,2,3,38.64
377,2025-06-07,15,350,1,3,47,96.35
378,2025-06-23,31,351,4,6,43,55.36
379,2025-07-17,55,16,2,2,36,39.79
380,2025-06-29,37,352,3,8,40,105.96
381,2025-08-02,71,353,2,5,39,57.0
382,2025-10-06,136,354,2,3,47,68.77
383,2025-07-20,58,355,1,1,12,117.72
384,2025-06-06,14,356,2,6,45,28.69
385,2025-06-17,25,117,1,7,1,62.15
386,2025-08-19,88,357,2,4,29,115.91
387,2025-11-07,168,358,1,2,37,44.04
388,2025-08-03,72,359,2,5,29,113.5
389,2025-09-18,118,360,1,6,17,70.9
390,2025-09-29,129,361,4,4,5,35.52
391,2025-07-17,55,362,2,7,20,101.25
392,2025-09-20,120,363,2,9,25,74.75
393,2025-09-28,128,364,3,2,2,63.52
394,2025-09-05,105,365,4,6,19,114.27
395,2025-05-30,7,366,4,6,41,22.91
396,2025-05-31,8,367,3,3,36,34.15
397,2025-06-18,26,368,2,4,3,112.11
398,2025-09-07,107,369,4,3,30,70.44
399,2025-09-03,103,370,1,7,45,56.52
400,2025-09-17,117,371,1,4,44,110.3
401,2025-08-26,95,372,3,8,21,11.1
402,2025-10-03,133,373,4,8,43,53.29
403,2025-09-30,130,374,3,9,21,36.41
404,2025-10-28,158,371,3,7,30,82.49
405,2025-10-04,134,375,3,7,11,36.92
406,2025-06-08,16,274,3,4,34,75.0
407,2025-06-23,31,147,4,7,18,69.97
408,2025-07-14,52,376,4,2,4,10.72
409,2025-10-31,161,377,3,6,43,45.76
410,2025-07-26,64,378,3,5,38,51.28
411,2025-06-12,20,379,4,9,12,41.12
412,2025-07-11,49,72,4,1,48,78.07
413,2025-06-01,9,380,2,6,41,39.84
414,2025-10-11,141,381,4,8,20,79.27
415,2025-08-16,85,279,2,9,38,45.89
416,2025-11-02,163,382,2,1,41,35.3
417,2025-10-05,135,383,1,8,20,87.2
418,2025-09-12,112,384,4,5,45,16.1
419,2025-10-08,138,385,2,5,26,42.07
420,2025-07-20,58,386,1,8,42,38.77
421,2025-06-03,11,321,3,3,8,32.8
422,2025-06-05,13,387,2,3,12,67.6
423,2025-06-15,23,388,3,4,36,25.15
424,2025-06-09,17,389,4,3,13,64.28
425,2025-09-23,123,390,2,4,38,28.9
426,2025-08-27,96,391,1,3,2,23.49
427,2025-05-29,6,392,2,4,16,73.91
428,2025-10-03,133,305,1,9,17,30.54
429,2025-11-12,173,393,4,2,41,19.78
430,2025-06-21,29,394,4,9,23,85.44
431,2025-07-25,63,395,1,2,37,33.8
432,2025-06-18,26,396,3,4,32,115.14
433,2025-06-26,34,397,2,9,12,45.52
434,2025-06-17,25,398,3,2,15,108.21
435,2025-09-08,108,399,1,8,1,81.95
436,2025-07-04,42,400,4,7,50,22.88
437,2025-07-02,40,401,3,3,49,112.55
438,2025-08-25,94,402,2,7,43,51.51
439,2025-09-18,118,248,4,8,5,94.81
440,2025-08-28,97,403,2,4,46,53.38
441,2025-07-19,57,404,3,1,32,47.83
442,2025-06-30,38,405,3,2,13,85.14
443,2025-09-19,119,44,1,6,33,117.14
444,2025-05-26,3,406,4,4,16,107.19
445,2025-06-29,37,407,2,8,22,93.37
446,2025-07-07,45,408,4,8,3,48.71
447,2025-09-15,115,409,2,8,49,74.04
448,2025-05-25,2,410,1,9,48,33.38
449,2025-07-05,43,411,1,4,33,117.4
450,2025-11-13,174,412,1,6,39,107.35
451,2025-09-06,106,313,4,5,21,119.43
452,2025-09-04,104,413,4,8,6,55.71
453,2025-09-21,121,414,2,8,13,88.77
454,2025-09-17,117,415,1,9,50,36.46
455,2025-11-09,170,416,2,2,11,83.5
456,2025-08-28,97,417,3,5,29,74.49
457,2025-09-03,103,418,4,8,2,68.15
458,2025-06-27,35,419,4,2,24,33.61
459,2025-08-14,83,420,1,4,19,76.2
460,2025-07-15,53,421,2,8,42,77.03
461,2025-09-16,116,422,4,4,14,46.19
462,2025-10-10,140,291,3,1,1,72.15
463,2025-09-07,107,236,4,8,21,117.68
464,2025-07-08,46,423,4,7,40,75.41
465,2025-11-15,176,424,2,4,30,28.06
466,2025-08-23,92,425,2,1,32,80.29
467,2025-10-16,146,426,4,6,49,47.85
468,2025-06-11,19,427,2,9,33,116.19
469,2025-07-04,42,428,4,7,20,63.74
470,2025-11-02,163,311,2,3,1,31.35
471,2025-11-06,167,149,3,5,2,41.9
472,2025-08-16,85,429,3,8,20,58.17
473,2025-09-11,111,430,1,2,9,14.5
474,2025-11-08,169,431,2,4,48,66.85
475,2025-08-25,94,432,3,1,23,45.24
476,2025-10-10,140,433,2,3,4,96.72
477,2025-10-19,149,434,1,3,10,103.17
478,2025-06-27,35,435,4,7,19,97.28
479,2025-10-07,137,436,4,6,36,73.98
480,2025-07-16,54,437,1,9,36,82.64
481,2025-10-10,140,375,3,7,9,56.27
482,2025-08-03,72,438,3,4,29,44.2
483,2025-10-19,149,439,4,4,9,22.28
484,2025-09-22,122,440,2,5,3,17.3
485,2025-10-05,135,441,3,2,3,91.06
486,2025-08-19,88,442,3,4,13,87.07
487,2025-06-20,28,180,2,7,5,94.67
488,2025-08-21,90,443,1,9,15,53.37
489,2025-08-06,75,444,1,8,48,31.64
490,2025-11-09,170,445,1,7,23,68.49
491,2025-09-05,105,446,2,9,43,79.43
492,2025-10-02,132,447,1,8,36,90.21
493,2025-06-27,35,448,2,9,2,72.64
494,2025-05-27,4,449,3,9,49,119.43
495,2025-07-25,63,450,2,5,31,89.15
496,2025-09-08,108,451,1,9,19,59.54
497,2025-11-14,175,452,1,2,12,60.12
498,2025-08-30,99,453,4,1,34,105.49
499,2025-10-21,151,454,1,7,23,60.66
500,2025-09-10,110,455,4,3,17,91.75
501,2025-09-16,116,456,1,5,50,75.85
502,2025-09-17,117,306,4,3,15,91.69
503,2025-08-02,71,457,2,4,27,35.79
504,2025-09-14,114,458,4,5,19,75.78
505,2025-06-24,32,459,1,6,46,76.45
506,2025-07-27,65,172,2,4,43,87.96
507,2025-07-09,47,460,2,8,28,79.4
508,2025-09-25,125,461,1,7,26,78.8
509,2025-08-16,85,35,2,9,20,16.48
510,2025-11-12,173,462,2,5,2,25.02
511,2025-10-24,154,463,3,6,25,80.25
512,2025-06-25,33,409,4,5,39,30.35
513,2025-10-08,138,464,3,1,12,93.19
514,2025-09-12,112,465,4,5,43,110.24
515,2025-05-28,5,466,1,4,6,45.03
516,2025-08-16,85,467,2,7,29,14.83
517,2025-09-20,120,468,1,4,26,42.35
518,2025-09-13,113,469,4,3,36,34.96
519,2025-06-27,35,63,2,7,13,109.34
520,2025-07-03,41,470,4,7,16,56.6
521,2025-06-11,19,471,1,4,39,24.61
522,2025-08-13,82,472,3,7,42,105.26
523,2025-11-12,173,473,2,1,19,22.98
524,2025-08-22,91,474,3,8,29,82.71
525,2025-11-11,172,70,2,4,7,12.7
526,2025-06-30,38,475,4,1,39,87.29
527,2025-08-08,77,476,3,1,7,102.14
528,2025-11-14,175,477,2,1,37,59.44
529,2025-06-12,20,478,3,1,29,25.69
530,2025-09-21,121,479,1,6,19,77.04
531,2025-10-24,154,480,3,8,20,40.65
532,2025-05-30,7,481,4,5,24,10.01
533,2025-10-18,148,482,1,7,27,26.87
534,2025-06-02,10,483,1,5,36,37.1
535,2025-09-19,119,484,3,5,2,49.88
536,2025-09-25,125,485,1,6,17,106.31
537,2025-05-30,7,486,2,2,45,73.33
538,2025-10-22,152,171,2,1,21,60.04
539,2025-06-01,9,487,4,5,5,23.65
540,2025-10-28,158,481,3,3,34,64.12
541,2025-09-24,124,488,4,3,37,73.47
542,2025-06-04,12,489,3,8,12,114.85
543,2025-05-31,8,490,4,2,36,11.87
544,2025-09-01,101,491,4,3,33,92.43
545,2025-09-23,123,492,1,6,48,27.95
546,2025-10-25,155,493,2,2,43,80.36
547,2025-10-14,144,494,3,9,38,118.12
548,2025-07-13,51,199,4,7,46,63.75
549,2025-07-24,62,495,2,1,29,62.76
550,2025-06-14,22,496,4,5,22,37.82
551,2025-11-15,176,497,2,5,35,52.0
552,2025-07-02,40,498,3,8,27,21.89
553,2025-09-03,103,316,2,8,35,34.9
554,2025-10-22,152,499,3,3,35,100.76
555,2025-10-03,133,500,4,5,42,69.08
556,2025-07-19,57,501,3,2,32,87.33
557,2025-09-17,117,502,4,5,35,78.83
558,2025-08-10,79,503,3,7,37,79.86
559,2025-05-28,5,504,2,6,3,17.02
560,2025-07-11,49,505,3,9,20,83.81
561,2025-09-12,112,506,3,6,23,104.91
562,2025-09-06,106,507,1,9,32,37.22
563,2025-07-27,65,508,2,5,50,83.57
564,2025-10-02,132,509,3,8,17,11.56
565,2025-09-16,116,510,4,6,13,110.26
566,2025-11-01,162,481,1,2,21,61.15
567,2025-06-05,13,511,4,3,18,87.19
568,2025-09-20,120,441,3,1,36,101.39
569,2025-11-05,166,512,4,7,17,118.09
570,2025-08-20,89,513,2,6,9,96.8
571,2025-08-24,93,24,1,9,28,22.62
572,2025-07-16,54,514,3,2,27,57.11
573,2025-06-08,16,515,3,5,45,110.54
574,2025-11-06,167,516,1,1,35,20.39
575,2025-11-02,163,517,4,8,46,35.83
576,2025-07-03,41,518,3,6,32,57.57
577,2025-06-03,11,519,3,8,13,58.74
578,2025-07-19,57,306,4,6,11,27.13
579,2025-06-13,21,520,3,4,15,68.44
580,2025-08-19,88,521,2,9,8,103.68
581,2025-06-05,13,522,3,3,2,73.66
582,2025-08-06,75,523,4,7,19,39.67
583,2025-10-15,145,524,4,4,11,84.86
584,2025-11-11,172,525,1,2,5,58.54
585,2025-07-08,46,474,1,1,14,68.58
586,2025-06-21,29,526,1,9,33,56.48
587,2025-08-16,85,527,1,2,30,36.17
588,2025-09-16,116,528,4,5,14,19.59
589,2025-07-04,42,529,2,6,30,31.07
590,2025-07-26,64,530,2,2,46,75.78
591,2025-05-30,7,323,2,4,49,40.92
592,2025-10-15,145,531,1,7,50,61.95
593,2025-08-09,78,532,4,1,5,55.36
594,2025-10-08,138,533,3,8,38,53.48
595,2025-08-17,86,505,3,3,23,27.9
596,2025-06-06,14,534,2,2,3,20.79
597,2025-08-10,79,535,3,3,14,10.01
598,2025-09-16,116,536,3,7,48,32.45
599,2025-07-25,63,537,2,4,47,111.48
600,2025-10-28,158,538,4,8,16,24.42
601,2025-09-08,108,539,2,3,47,17.41
602,2025-08-29,98,540,4,8,8,105.0
603,2025-07-19,57,541,3,1,32,49.69
604,2025-09-16,116,542,2,6,50,40.78
605,2025-06-23,31,543,3,1,9,103.26
606,2025-10-09,139,198,1,5,17,112.35
607,2025-11-09,170,544,3,1,45,109.1
608,2025-11-01,162,545,4,7,14,53.36
609,2025-08-12,81,546,2,7,18,103.78
610,2025-08-29,98,547,3,8,47,99.48
611,2025-07-10,48,548,3,2,19,96.55
612,2025-06-10,18,549,2,5,32,119.02
613,2025-09-11,111,550,4,7,8,47.7
614,2025-07-22,60,551,1,6,38,33.67
615,2025-09-25,125,22,2,3,11,100.12
616,2025-08-14,83,552,4,1,27,21.05
617,2025-08-04,73,553,4,4,26,47.91
618,2025-06-03,11,554,3,7,36,109.84
619,2025-08-11,80,555,1,8,43,20.74
620,2025-10-27,157,556,2,6,32,104.07
621,2025-07-21,59,557,3,3,39,74.84
622,2025-05-27,4,558,2,7,37,97.76
623,2025-07-06,44,559,2,5,39,43.71
624,2025-07-08,46,560,1,2,31,77.75
625,2025-05-27,4,249,4,3,33,89.18
626,2025-11-13,174,561,4,5,3,87.8
627,2025-10-15,145,124,3,7,36,64.52
628,2025-10-26,156,562,1,5,25,117.38
629,2025-10-03,133,563,3,1,29,31.83
630,2025-07-22,60,564,1,3,28,89.55
631,2025-08-01,70,565,4,7,27,26.99
632,2025-07-24,62,566,4,8,29,63.23
633,2025-09-16,116,567,4,7,42,102.11
634,2025-10-23,153,400,2,2,6,88.11
635,2025-11-07,168,568,2,7,46,85.38
636,2025-09-24,124,569,3,9,34,69.78
637,2025-09-21,121,570,2,8,17,91.65
638,2025-10-08,138,571,3,1,36,108.91
639,2025-08-27,96,572,1,6,37,117.29
640,2025-06-16,24,573,2,9,6,56.89
641,2025-11-12,173,574,1,4,14,95.1
642,2025-08-07,76,575,4,9,46,39.8
643,2025-11-19,180,576,2,7,18,17.3
644,2025-06-12,20,577,4,3,17,82.0
645,2025-07-12,50,421,4,4,28,81.28
646,2025-06-24,32,578,2,2,5,58.85
647,2025-09-23,123,579,3,4,13,48.45
648,2025-09-22,122,580,1,3,22,14.19
649,2025-06-28,36,581,1,2,36,53.51
650,2025-07-14,52,582,3,7,18,100.37
651,2025-09-30,130,583,1,9,24,72.4
652,2025-10-26,156,584,4,1,4,92.46
653,2025-09-27,127,585,2,7,11,92.39
654,2025-10-01,131,586,2,3,5,35.02
655,2025-10-05,135,587,3,4,49,79.88
656,2025-06-20,28,588,4,7,25,93.67
657,2025-08-15,84,527,3,6,31,35.1
658,2025-09-28,128,589,2,8,34,108.17
659,2025-07-15,53,590,1,8,50,116.17
660,2025-09-30,130,591,1,9,23,11.45
661,2025-08-14,83,592,1,2,6,15.63
662,2025-11-04,165,593,2,6,47,33.78
663,2025-09-15,115,594,4,8,32,24.36
664,2025-09-29,129,595,4,3,23,17.65
665,2025-05-27,4,596,1,1,13,35.82
666,2025-08-08,77,597,4,6,12,117.07
667,2025-06-16,24,147,2,1,46,80.58
668,2025-11-17,178,567,2,9,35,42.01
669,2025-11-11,172,598,1,9,6,107.12
670,2025-10-03,133,306,4,8,46,72.73
671,2025-05-29,6,599,2,4,36,81.6
672,2025-10-08,138,600,3,7,7,40.47
673,2025-10-02,132,601,3,5,48,85.85
674,2025-10-09,139,602,1,6,49,64.38
675,2025-07-14,52,603,2,7,24,113.58
676,2025-06-23,31,604,4,3,24,35.42
677,2025-08-10,79,605,1,1,35,111.61
678,2025-11-02,163,606,3,9,4,12.11
679,2025-09-15,115,607,4,4,7,98.45
680,2025-08-21,90,608,2,4,1,109.72
681,2025-09-09,109,174,3,6,21,105.77
682,2025-07-03,41,215,1,8,7,32.41
683,2025-08-04,73,609,1,1,49,103.22
684,2025-05-30,7,610,4,3,20,13.0
685,2025-11-05,166,611,3,5,46,30.89
686,2025-10-03,133,612,2,6,24,12.88
687,2025-11-14,175,613,3,9,31,27.09
688,2025-10-19,149,614,2,7,43,14.75
689,2025-11-03,164,392,1,2,41,55.57
690,2025-06-19,27,615,1,7,22,104.74
691,2025-06-15,23,495,2,9,39,73.4
692,2025-08-22,91,616,4,7,17,111.86
693,2025-10-27,157,617,3,7,11,61.74
694,2025-06-04,12,618,3,4,1,80.23
695,2025-07-06,44,619,3,7,44,44.58
696,2025-10-17,147,256,4,9,22,107.35
697,2025-10-15,145,620,3,2,14,34.05
698,2025-07-06,44,621,4,3,34,29.62
699,2025-11-10,171,475,2,4,21,64.48
700,2025-07-17,55,622,2,3,46,28.47
701,2025-10-25,155,623,4,6,45,93.49
702,2025-09-26,126,624,3,5,37,79.55
703,2025-05-24,1,625,1,6,31,83.91
704,2025-09-03,103,626,2,6,4,48.47
705,2025-06-14,22,553,2,9,22,54.76
706,2025-06-21,29,627,3,7,22,73.37
707,2025-07-02,40,628,3,9,13,94.63
708,2025-06-10,18,629,3,3,30,83.59
709,2025-09-22,122,630,2,5,19,109.71
710,2025-07-26,64,631,4,4,50,116.8
711,2025-09-27,127,632,3,5,23,119.64
712,2025-08-23,92,633,4,2,38,94.65
713,2025-08-30,99,634,2,1,13,83.57
714,2025-10-20,150,635,1,7,22,72.26
715,2025-07-16,54,33,3,1,32,86.63
716,2025-09-17,117,636,2,4,10,34.83
717,2025-08-26,95,637,4,5,25,104.7
718,2025-08-09,78,249,4,6,3,70.99
719,2025-08-22,91,145,3,4,24,13.08
720,2025-10-02,132,638,3,6,22,37.55
721,2025-07-28,66,639,4,6,32,11.88
722,2025-10-17,147,129,1,3,5,115.4
723,2025-09-18,118,640,2,4,18,25.54
724,2025-08-28,97,641,4,7,47,87.97
725,2025-07-02,40,452,3,7,47,88.07
726,2025-10-18,148,552,4,3,33,84.54
727,2025-11-05,166,195,3,3,22,86.57
728,2025-10-06,136,616,1,5,21,75.57
729,2025-07-22,60,642,3,9,35,110.63
730,2025-11-18,179,643,4,5,36,70.68
731,2025-08-11,80,644,2,9,9,76.93
732,2025-06-19,27,645,2,7,25,43.85
733,2025-09-20,120,646,2,5,1,97.75
734,2025-10-19,149,59,4,7,24,58.54
735,2025-09-12,112,647,3,6,33,22.67
736,2025-11-06,167,648,4,9,30,95.62
737,2025-10-24,154,583,2,9,38,111.68
738,2025-08-14,83,649,1,2,1,31.16
739,2025-06-09,17,650,1,9,9,117.87
740,2025-09-28,128,651,3,9,34,21.28
741,2025-10-23,153,652,2,4,16,84.63
742,2025-06-28,36,653,1,7,45,33.18
743,2025-08-24,93,654,3,9,33,11.26
744,2025-09-14,114,655,2,5,35,40.28
745,2025-11-17,178,656,3,4,20,88.86
746,2025-08-03,72,657,3,2,32,49.62
747,2025-11-15,176,495,1,2,49,118.98
748,2025-06-20,28,658,3,7,34,63.93
749,2025-05-29,6,659,1,6,30,113.08
750,2025-06-28,36,660,2,1,11,85.6
751,2025-10-24,154,661,2,8,50,60.76
752,2025-10-06,136,662,3,3,21,76.68
753,2025-09-01,101,663,3,2,21,24.98
754,2025-11-06,167,664,3,9,16,78.3
755,2025-07-09,47,665,3,4,23,77.6
756,2025-10-17,147,666,2,6,38,78.54
757,2025-05-27,4,338,4,6,26,65.66
758,2025-11-19,180,667,1,2,6,42.91
759,2025-08-14,83,179,4,5,30,25.3
760,2025-06-26,34,668,2,9,39,35.61
761,2025-07-08,46,669,1,9,41,32.33
762,2025-11-13,174,670,4,2,29,89.61
763,2025-07-20,58,671,3,9,22,91.44
764,2025-06-03,11,672,3,4,37,112.5
765,2025-09-05,105,114,2,3,11,33.22
766,2025-07-07,45,673,4,3,16,87.61
767,2025-05-29,6,674,1,7,48,86.83
768,2025-09-02,102,675,2,3,49,47.4
769,2025-07-13,51,676,1,6,49,28.84
770,2025-08-13,82,677,3,1,21,16.26
771,2025-08-21,90,678,2,3,48,32.3
772,2025-06-03,11,679,1,1,36,107.93
773,2025-07-18,56,680,2,7,36,94.3
774,2025-07-03,41,681,1,7,39,99.78
775,2025-06-09,17,682,2,6,35,52.12
776,2025-07-27,65,683,1,2,18,74.37
777,2025-08-07,76,684,4,7,10,116.28
778,2025-09-02,102,685,2,1,37,113.72
779,2025-09-05,105,686,4,6,32,70.67
780,2025-07-31,69,132,4,5,44,105.58
781,2025-07-19,57,387,4,9,34,59.01
782,2025-11-03,164,687,4,4,49,71.34
783,2025-11-15,176,688,3,6,48,79.01
784,2025-06-29,37,689,4,3,42,14.81
785,2025-07-30,68,690,2,5,5,75.87
786,2025-07-20,58,691,2,7,46,109.24
787,2025-07-03,41,692,2,7,42,101.9
788,2025-10-24,154,693,1,5,19,75.28
789,2025-06-09,17,694,3,2,34,102.18
790,2025-09-07,107,695,2,7,27,105.26
791,2025-09-08,108,696,3,4,21,112.87
792,2025-06-27,35,539,3,1,29,50.51
793,2025-07-10,48,697,1,5,38,22.98
794,2025-09-24,124,698,3,7,49,15.63
795,2025-07-18,56,699,3,5,48,87.05
796,2025-10-08,138,700,1,5,46,111.21
797,2025-05-26,3,631,2,1,18,15.35
798,2025-10-21,151,701,1,1,19,93.13
799,2025-09-22,122,312,2,6,42,116.01
800,2025-06-05,13,630,4,9,22,92.79
801,2025-10-29,159,237,4,4,25,116.02
802,2025-11-09,170,702,4,2,20,47.56
803,2025-09-30,130,703,2,4,38,48.99
804,2025-10-30,160,704,4,7,42,83.16
805,2025-09-18,118,705,4,1,47,68.76
806,2025-08-22,91,706,3,5,31,54.62
807,2025-07-18,56,409,2,7,37,90.98
808,2025-06-11,19,707,1,8,27,11.73
809,2025-09-14,114,174,2,9,46,57.83
810,2025-08-23,92,708,2,8,1,101.32
811,2025-08-17,86,709,2,8,19,107.38
812,2025-07-07,45,710,1,1,12,12.77
813,2025-10-16,146,711,2,2,34,72.99
814,2025-11-10,171,46,1,7,34,108.24
815,2025-06-19,27,689,1,9,19,78.56
816,2025-08-06,75,712,4,2,16,29.76
817,2025-08-03,72,651,3,1,16,84.53
818,2025-11-13,174,253,2,9,25,53.59
819,2025-10-24,154,713,1,9,50,62.4
820,2025-06-20,28,714,1,5,15,36.28
821,2025-10-13,143,715,4,8,5,52.62
822,2025-06-15,23,716,3,8,16,29.26
823,2025-08-26,95,465,2,9,38,39.94
824,2025-05-24,1,717,1,2,44,32.7
825,2025-08-07,76,718,2,3,34,49.59
826,2025-07-20,58,719,4,5,15,113.88
827,2025-08-26,95,720,3,9,3,40.83
828,2025-08-09,78,721,2,6,42,39.86
829,2025-06-19,27,206,1,7,35,26.65
830,2025-11-19,180,291,4,7,34,11.42
831,2025-08-26,95,722,2,7,10,80.24
832,2025-07-01,39,723,1,2,4,71.39
833,2025-09-23,123,406,4,2,4,79.65
834,2025-09-22,122,724,4,4,40,83.94
835,2025-06-22,30,725,4,3,8,98.9
836,2025-06-27,35,726,4,4,20,60.77
837,2025-07-20,58,727,2,4,42,62.23
838,2025-11-08,169,728,2,5,44,74.04
839,2025-08-21,90,729,4,5,49,111.37
840,2025-06-26,34,320,4,6,7,63.09
841,2025-11-19,180,144,4,9,30,40.92
842,2025-07-12,50,361,4,5,27,23.37
843,2025-09-06,106,730,1,5,9,51.0
844,2025-07-02,40,731,1,8,8,107.23
845,2025-08-16,85,732,4,8,50,63.08
846,2025-06-20,28,733,3,4,15,33.48
847,2025-09-20,120,734,3,2,43,13.07
848,2025-07-16,54,735,4,9,8,94.14
849,2025-06-19,27,736,3,3,41,87.43
850,2025-09-22,122,737,2,5,42,63.83
851,2025-11-13,174,477,2,8,35,33.9
852,2025-09-03,103,738,2,1,32,88.1
853,2025-11-11,172,130,2,8,27,75.51
854,2025-10-06,136,739,3,8,45,45.1
855,2025-09-12,112,684,2,5,50,28.2
856,2025-07-08,46,54,1,7,28,31.75
857,2025-10-18,148,740,1,9,9,83.65
858,2025-08-06,75,283,3,7,32,119.17
859,2025-07-10,48,741,2,2,1,94.09
860,2025-10-29,159,742,1,2,24,36.38
861,2025-08-16,85,743,2,6,38,46.45
862,2025-08-23,92,744,1,5,25,101.89
863,2025-10-22,152,745,1,4,40,66.29
864,2025-09-20,120,71,1,7,40,74.74
865,2025-06-02,10,746,3,3,31,92.24
866,2025-08-09,78,747,3,5,9,32.68
867,2025-09-01,101,748,4,9,40,93.22
868,2025-08-29,98,382,2,7,40,86.99
869,2025-07-12,50,749,3,3,43,104.74
870,2025-10-11,141,249,4,1,49,99.87
871,2025-07-22,60,750,1,2,32,11.04
872,2025-09-17,117,751,1,8,28,86.47
873,2025-11-11,172,541,1,8,39,98.21
874,2025-06-07,15,752,3,6,5,97.03
875,2025-08-08,77,753,2,7,8,27.45
876,2025-07-14,52,754,4,4,24,13.3
877,2025-10-18,148,755,1,5,45,115.38
878,2025-06-25,33,756,2,3,43,90.51
879,2025-09-19,119,268,1,2,43,75.81
880,2025-08-12,81,757,4,8,16,75.49
881,2025-07-21,59,670,3,3,15,88.67
882,2025-06-02,10,758,1,4,20,56.57
883,2025-09-19,119,759,4,3,31,75.19
884,2025-07-27,65,760,2,2,10,102.8
885,2025-07-07,45,761,1,2,29,11.67
886,2025-07-19,57,762,3,8,49,67.26
887,2025-09-13,113,763,1,6,15,67.02
888,2025-06-07,15,276,2,7,14,112.13
889,2025-09-23,123,764,1,3,33,37.51
890,2025-09-03,103,571,3,1,10,90.73
891,2025-10-24,154,765,1,8,30,44.98
892,2025-10-08,138,766,3,8,14,67.84
893,2025-11-04,165,767,3,8,37,41.13
894,2025-08-16,85,499,2,9,31,67.26
895,2025-07-17,55,156,3,9,8,31.66
896,2025-10-06,136,768,3,8,31,82.43
897,2025-07-06,44,365,3,4,23,23.69
898,2025-09-08,108,769,3,1,23,43.8
899,2025-11-19,180,770,4,9,20,25.57
900,2025-07-31,69,771,1,2,31,18.04
901,2025-09-04,104,700,1,6,42,41.53
902,2025-09-26,126,772,4,4,2,11.27
903,2025-06-21,29,773,1,2,20,38.28
904,2025-09-13,113,56,4,4,34,98.81
905,2025-10-17,147,774,3,8,34,64.89
906,2025-07-09,47,450,3,8,11,44.95
907,2025-09-29,129,775,2,1,30,116.1
908,2025-07-25,63,776,4,5,6,13.57
909,2025-10-19,149,77,2,6,31,117.07
910,2025-11-18,179,777,2,7,6,82.35
911,2025-07-29,67,778,4,1,46,52.62
912,2025-05-28,5,779,2,6,37,17.29
913,2025-09-22,122,780,2,7,18,20.89
914,2025-08-12,81,781,1,7,28,25.68
915,2025-08-20,89,782,2,6,49,86.17
916,2025-09-03,103,472,2,7,40,67.92
917,2025-07-12,50,136,3,3,34,113.78
918,2025-11-04,165,783,3,5,44,78.77
919,2025-08-11,80,784,1,7,1,44.28
920,2025-11-02,163,785,2,3,45,42.15
921,2025-09-12,112,226,3,1,47,24.44
922,2025-05-31,8,571,4,9,1,111.69
923,2025-05-30,7,786,4,5,50,47.66
924,2025-06-02,10,165,4,4,32,46.98
925,2025-11-12,173,787,2,4,33,16.19
926,2025-07-26,64,108,4,9,8,99.41
927,2025-06-29,37,24,4,3,21,17.75
928,2025-06-30,38,788,3,2,8,42.72
929,2025-06-26,34,789,3,6,50,20.23
930,2025-08-29,98,790,3,3,6,21.81
931,2025-10-28,158,791,2,4,20,98.02
932,2025-07-11,49,792,4,8,30,89.82
933,2025-10-31,161,793,3,1,1,116.58
934,2025-11-19,180,794,3,9,42,28.11
935,2025-07-02,40,795,1,9,43,73.47
936,2025-11-18,179,393,2,3,20,96.28
937,2025-07-12,50,796,3,5,13,12.2
938,2025-10-28,158,797,4,4,26,22.98
939,2025-11-16,177,24,1,2,33,35.31
940,2025-09-07,107,318,1,1,30,32.2
941,2025-08-31,100,798,4,2,28,52.82
942,2025-08-11,80,437,3,8,20,50.81
943,2025-11-08,169,799,3,6,3,34.87
944,2025-08-11,80,800,2,2,47,106.92
945,2025-06-10,18,801,1,9,10,22.71
946,2025-11-19,180,143,3,2,41,37.12
947,2025-05-31,8,802,2,4,2,34.32
948,2025-07-10,48,803,4,9,37,48.76
949,2025-10-09,139,804,2,1,14,97.67
950,2025-07-09,47,805,4,9,24,90.03
951,2025-08-20,89,806,4,1,41,51.21
952,2025-08-21,90,807,4,9,12,59.9
953,2025-07-17,55,808,1,2,22,68.14
954,2025-07-21,59,809,4,1,31,109.93
955,2025-09-11,111,810,3,3,29,65.62
956,2025-08-22,91,457,2,7,1,102.53
957,2025-10-28,158,811,3,7,24,57.04
958,2025-09-04,104,812,3,8,30,62.29
959,2025-10-22,152,813,4,4,36,93.37
960,2025-07-11,49,745,2,7,47,106.55
961,2025-08-14,83,814,2,5,23,119.77
962,2025-07-16,54,286,1,4,37,102.36
963,2025-09-03,103,114,2,8,43,36.97
964,2025-10-17,147,815,3,2,17,73.46
965,2025-07-22,60,816,4,9,30,54.47
966,2025-10-10,140,817,4,4,47,49.12
967,2025-08-11,80,402,3,2,3,84.02
968,2025-08-29,98,818,1,1,16,16.92
969,2025-10-28,158,539,3,9,37,15.35
970,2025-11-11,172,431,2,5,5,15.2
971,2025-11-16,177,811,2,3,31,102.26
972,2025-08-05,74,819,1,5,9,104.44
973,2025-08-19,88,820,3,9,34,97.1
974,2025-11-10,171,216,3,9,44,99.33
975,2025-07-17,55,821,3,1,19,37.66
976,2025-07-31,69,822,3,9,9,71.88
977,2025-08-05,74,823,4,2,46,55.21
978,2025-09-21,121,824,3,7,31,39.44
979,2025-10-03,133,825,3,4,6,52.78
980,2025-09-30,130,826,2,5,2,65.17
981,2025-07-28,66,827,2,7,37,113.46
982,2025-08-12,81,828,4,1,44,76.6
983,2025-06-17,25,829,2,7,34,98.85
984,2025-06-09,17,830,4,4,43,54.37
985,2025-06-25,33,422,4,8,11,58.42
986,2025-09-24,124,82,1,8,24,51.56
987,2025-11-09,170,831,1,3,47,100.51
988,2025-10-27,157,832,1,5,41,12.78
989,2025-05-25,2,833,2,3,24,18.71
990,2025-06-07,15,176,3,6,39,71.92
991,2025-10-01,131,834,4,9,2,15.35
992,2025-05-27,4,829,2,1,30,95.51
993,2025-07-13,51,835,1,5,19,45.13
994,2025-08-23,92,836,2,6,15,106.19
995,2025-10-23,153,837,3,2,35,82.7
996,2025-06-16,24,533,4,2,5,52.93
997,2025-09-11,111,838,3,6,36,108.28
998,2025-08-16,85,839,3,7,6,118.91
999,2025-07-21,59,221,3,7,18,42.84
1000,2025-10-29,159,840,2,7,49,43.78
