AssignDate,Client_LastName,Client_City,Client_Country,Supplier_Name,Supplier_City,Supplier_Country,Brand,Category,Quantity,Price
2025-09-26,Атаманюк,Дніпро,Україна,GoodSupply,Львів,Україна,Snickers,Солодощі,39,67.82
2025-07-09,Баклан,Львів,Україна,EcoFoods,Одеса,Україна,Lipton Ice Tea,Напої,41,14.58
2025-07-10,Сімашкевич,Київ,Україна,EastMarket,Харків,Україна,Lipton Ice Tea,Напої,47,86.44
2025-07-01,Юрчук,Львів,Україна,EcoFoods,Одеса,Україна,Sprite,Напої,8,59.68
2025-08-14,Юрчишин,Одеса,Україна,GoodSupply,Львів,Україна,Fanta,Напої,42,107.15
2025-09-04,Андрієвич,Дніпро,Україна,EcoFoods,Одеса,Україна,Fanta,Напої,18,36.93
2025-07-07,Атрощенко,Дніпро,Україна,EastMarket,Харків,Україна,Lipton Ice Tea,Напої,35,58.34
2025-08-13,Асаула,Київ,Україна,FreshTrade,Київ,Україна,Milka,Солодощі,30,107.47
2025-09-04,Гаврюшенко,Дніпро,Україна,FreshTrade,Київ,Україна,Sprite,Напої,9,37.44
2025-10-29,Вівчаренко,Львів,Україна,EastMarket,Харків,Україна,Coca-Cola,Напої,14,111.38
2025-06-22,Карпенко,Харків,Україна,FreshTrade,Київ,Україна,Lipton Ice Tea,Напої,39,16.03
2025-09-11,Талан,Львів,Україна,EastMarket,Харків,Україна,Coca-Cola,Напої,25,73.36
2025-11-16,Таран,Одеса,Україна,FreshTrade,Київ,Україна,Milka,Солодощі,16,30.64
2025-10-10,Атаманюк,Одеса,Україна,GoodSupply,Львів,Україна,Sprite,Напої,14,81.64
2025-09-05,Скирда,Львів,Україна,FreshTrade,Київ,Україна,Nescafe,Кава,17,87.16
2025-06-09,Карпа,Одеса,Україна,EastMarket,Харків,Україна,Jacobs,Кава,30,54.87
2025-10-03,Червоненко,Львів,Україна,FreshTrade,Київ,Україна,Nescafe,Кава,34,94.01
2025-11-18,Сацюк,Львів,Україна,GoodSupply,Львів,Україна,Nescafe,Кава,17,81.88
2025-06-21,Філіпенко,Одеса,Україна,EcoFoods,Одеса,Україна,Milka,Солодощі,34,92.59
2025-10-25,Дерегус,Київ,Україна,EcoFoods,Одеса,Україна,Fanta,Напої,23,31.86
2025-05-30,Проценко,Львів,Україна,FreshTrade,Київ,Україна,Sprite,Напої,37,62.66
2025-10-24,Заруба,Одеса,Україна,GoodSupply,Львів,Україна,Jacobs,Кава,1,35.82
2025-05-31,Зінчук,Львів,Україна,FreshTrade,Київ,Україна,Coca-Cola,Напої,42,62.21
2025-10-07,Гайворонський,Дніпро,Україна,EastMarket,Харків,Україна,Lipton Ice Tea,Напої,38,75.35
2025-06-20,Тихий,Київ,Україна,FreshTrade,Київ,Україна,Mars,Солодощі,23,84.67
2025-11-08,Жадан,Київ,Україна,EcoFoods,Одеса,Україна,Milka,Солодощі,14,103.6
2025-09-09,Артеменко,Дніпро,Україна,EastMarket,Харків,Україна,Fanta,Напої,27,61.65
2025-07-25,Перепелиця,Дніпро,Україна,EastMarket,Харків,Україна,Jacobs,Кава,12,70.18
2025-07-05,Свириденко,Київ,Україна,GoodSupply,Львів,Україна,Mars,Солодощі,36,79.27
2025-06-23,Шило,Харків,Україна,EastMarket,Харків,Україна,Milka,Солодощі,8,72.91
2025-07-28,Ящук,Харків,Україна,EcoFoods,Одеса,Україна,Lipton Ice Tea,Напої,29,48.23
2025-05-27,Данько,Львів,Україна,EcoFoods,Одеса,Україна,Snickers,Солодощі,29,104.82
2025-10-10,Дробаха,Харків,Україна,EastMarket,Харків,Україна,Snickers,Солодощі,24,59.46
2025-06-19,Михайлюк,Харків,Україна,GoodSupply,Львів,Україна,Snickers,Солодощі,37,14.37
2025-06-14,Колодуб,Львів,Україна,GoodSupply,Львів,Україна,Mars,Солодощі,42,12.14
2025-09-16,Баштан,Львів,Україна,EastMarket,Харків,Україна,Milka,Солодощі,13,60.81
2025-10-24,Карпенко,Дніпро,Україна,FreshTrade,Київ,Україна,Snickers,Солодощі,26,52.6
2025-06-07,Жук,Одеса,Україна,FreshTrade,Київ,Україна,Snickers,Солодощі,2,64.85
2025-10-07,Тихий,Харків,Україна,EastMarket,Харків,Україна,Nescafe,Кава,35,18.71
2025-09-03,Матяш,Харків,Україна,GoodSupply,Львів,Україна,Sprite,Напої,4,95.93
2025-10-27,Єфименко,Київ,Україна,GoodSupply,Львів,Україна,Snickers,Солодощі,20,79.7
2025-10-27,Дзиндра,Дніпро,Україна,GoodSupply,Львів,Україна,Mars,Солодощі,43,62.09
2025-08-20,Єресько,Львів,Україна,EcoFoods,Одеса,Україна,Nescafe,Кава,20,60.14
2025-08-23,Верес,Харків,Україна,GoodSupply,Львів,Україна,Mars,Солодощі,11,58.5
2025-07-07,Дахно,Одеса,Україна,EcoFoods,Одеса,Україна,Lipton Ice Tea,Напої,29,58.32
2025-07-06,Стець,Дніпро,Україна,FreshTrade,Київ,Україна,Jacobs,Кава,25,115.48
2025-09-28,Данчук,Одеса,Україна,EcoFoods,Одеса,Україна,Coca-Cola,Напої,46,51.84
2025-09-03,Данько,Одеса,Україна,FreshTrade,Київ,Україна,Mars,Солодощі,38,20.78
2025-09-22,Кибкало,Одеса,Україна,EcoFoods,Одеса,Україна,Mars,Солодощі,49,59.78
2025-09-16,Іваненко,Харків,Україна,EcoFoods,Одеса,Україна,Mars,Солодощі,7,80.52
2025-07-30,Якимчук,Харків,Україна,EastMarket,Харків,Україна,Sprite,Напої,3,104.96
2025-08-20,Ванченко,Львів,Україна,EastMarket,Харків,Україна,Mars,Солодощі,20,66.85
2025-11-09,Чайка,Одеса,Україна,EastMarket,Харків,Україна,Sprite,Напої,33,68.51
2025-07-19,Захаренко,Харків,Україна,GoodSupply,Львів,Україна,Lipton Ice Tea,Напої,3,114.89
2025-08-30,Романчук,Львів,Україна,GoodSupply,Львів,Україна,Mars,Солодощі,21,109.89
2025-07-06,Заїка,Дніпро,Україна,EastMarket,Харків,Україна,Mars,Солодощі,42,68.4
2025-10-24,Микитюк,Київ,Україна,EcoFoods,Одеса,Україна,Sprite,Напої,16,42.91
2025-10-23,Дзюба,Київ,Україна,EastMarket,Харків,Україна,Jacobs,Кава,6,78.97
2025-08-01,Вакарчук,Харків,Україна,EcoFoods,Одеса,Україна,Nescafe,Кава,23,100.74
2025-06-06,Вертипорох,Харків,Україна,EastMarket,Харків,Україна,Mars,Солодощі,18,106.78
2025-09-10,Чорновіл,Дніпро,Україна,FreshTrade,Київ,Україна,Milka,Солодощі,28,91.34
2025-08-01,Медведенко,Львів,Україна,GoodSupply,Львів,Україна,Coca-Cola,Напої,3,44.57
2025-09-14,Онуфрієнко,Харків,Україна,GoodSupply,Львів,Україна,Milka,Солодощі,7,118.23
2025-09-25,Швачко,Львів,Україна,FreshTrade,Київ,Україна,Jacobs,Кава,18,84.72
2025-08-14,Рябовіл,Одеса,Україна,EcoFoods,Одеса,Україна,Snickers,Солодощі,28,10.87
2025-06-20,Артюх,Одеса,Україна,FreshTrade,Київ,Україна,Fanta,Напої,36,30.67
2025-09-20,Цибуленко,Одеса,Україна,EastMarket,Харків,Україна,Lipton Ice Tea,Напої,47,89.19
2025-09-26,Свистун,Харків,Україна,GoodSupply,Львів,Україна,Nescafe,Кава,25,50.86
2025-09-03,Лагода,Львів,Україна,FreshTrade,Київ,Україна,Snickers,Солодощі,40,44.64
2025-10-12,Батуринець,Харків,Україна,GoodSupply,Львів,Україна,Coca-Cola,Напої,24,28.39
2025-07-03,Коваленко,Київ,Україна,EcoFoods,Одеса,Україна,Sprite,Напої,18,23.18
2025-05-26,Демʼянюк,Київ,Україна,GoodSupply,Львів,Україна,Sprite,Напої,28,23.21
2025-10-29,Гайденко,Дніпро,Україна,FreshTrade,Київ,Україна,Mars,Солодощі,44,10.39
2025-05-31,Пустовіт,Харків,Україна,GoodSupply,Львів,Україна,Sprite,Напої,45,106.75
2025-08-07,Гайдабура,Дніпро,Україна,EastMarket,Харків,Україна,Mars,Солодощі,29,103.48
2025-11-05,Заїка,Харків,Україна,EastMarket,Харків,Україна,Jacobs,Кава,22,119.36
2025-09-02,Тягнибок,Одеса,Україна,EastMarket,Харків,Україна,Lipton Ice Tea,Напої,15,83.32
2025-10-09,Захарченко,Одеса,Україна,EastMarket,Харків,Україна,Lipton Ice Tea,Напої,44,39.6
2025-08-29,Гузенко,Львів,Україна,EcoFoods,Одеса,Україна,Snickers,Солодощі,33,114.25
2025-10-31,Заєць,Харків,Україна,EcoFoods,Одеса,Україна,Nescafe,Кава,6,12.9
2025-09-03,Литвин,Дніпро,Україна,EcoFoods,Одеса,Україна,Fanta,Напої,10,13.02
2025-10-19,Худобʼяк,Київ,Україна,GoodSupply,Львів,Україна,Snickers,Солодощі,8,37.85
2025-07-21,Вітер,Харків,Україна,GoodSupply,Львів,Україна,Sprite,Напої,19,26.08
2025-10-06,Гайворонський,Харків,Україна,GoodSupply,Львів,Україна,Coca-Cola,Напої,11,32.79
2025-07-06,Єщенко,Львів,Україна,EcoFoods,Одеса,Україна,Mars,Солодощі,30,10.54
2025-10-31,Сірченко,Дніпро,Україна,FreshTrade,Київ,Україна,Lipton Ice Tea,Напої,42,73.23
2025-06-09,Назаренко,Дніпро,Україна,FreshTrade,Київ,Україна,Mars,Солодощі,22,82.88
2025-08-21,Усик,Львів,Україна,EcoFoods,Одеса,Україна,Snickers,Солодощі,31,115.86
2025-08-25,Фаренюк,Львів,Україна,EcoFoods,Одеса,Україна,Milka,Солодощі,27,46.3
2025-09-24,Сацюк,Київ,Україна,EastMarket,Харків,Україна,Snickers,Солодощі,21,35.02
2025-09-04,Микитюк,Харків,Україна,GoodSupply,Львів,Україна,Fanta,Напої,21,35.88
2025-07-01,Тимченко,Дніпро,Україна,GoodSupply,Львів,Україна,Sprite,Напої,24,104.75
2025-06-07,Євтушенко,Львів,Україна,FreshTrade,Київ,Україна,Sprite,Напої,37,24.55
2025-08-18,Артим,Одеса,Україна,FreshTrade,Київ,Україна,Coca-Cola,Напої,17,64.77
2025-07-08,Шахрай,Львів,Україна,GoodSupply,Львів,Україна,Nescafe,Кава,37,31.67
2025-11-08,Макаренко,Київ,Україна,EcoFoods,Одеса,Україна,Coca-Cola,Напої,11,20.77
2025-10-03,Ярема,Київ,Україна,GoodSupply,Львів,Україна,Fanta,Напої,9,19.58
2025-10-05,Гречко,Одеса,Україна,EastMarket,Харків,Україна,Snickers,Солодощі,49,57.86
2025-06-01,Корбут,Одеса,Україна,GoodSupply,Львів,Україна,Lipton Ice Tea,Напої,39,88.98
2025-08-09,Ковалюк,Одеса,Україна,GoodSupply,Львів,Україна,Nescafe,Кава,25,59.53
2025-09-19,Нестайко,Львів,Україна,FreshTrade,Київ,Україна,Jacobs,Кава,5,107.14
2025-09-17,Сірченко,Київ,Україна,GoodSupply,Львів,Україна,Jacobs,Кава,34,87.78
2025-11-02,Голобородько,Київ,Україна,GoodSupply,Львів,Україна,Coca-Cola,Напої,25,15.94
2025-10-27,Чекалюк,Харків,Україна,GoodSupply,Львів,Україна,Milka,Солодощі,39,46.2
2025-07-14,Арсенич,Львів,Україна,EcoFoods,Одеса,Україна,Snickers,Солодощі,31,93.99
2025-06-16,Гаврилюк,Київ,Україна,EcoFoods,Одеса,Україна,Fanta,Напої,28,86.04
2025-06-30,Малик,Харків,Україна,GoodSupply,Львів,Україна,Nescafe,Кава,19,73.62
2025-06-02,Деряжний,Одеса,Україна,GoodSupply,Львів,Україна,Fanta,Напої,41,18.49
2025-09-10,Венгринович,Харків,Україна,FreshTrade,Київ,Україна,Milka,Солодощі,27,50.56
2025-08-15,Вдовенко,Одеса,Україна,EcoFoods,Одеса,Україна,Jacobs,Кава,17,17.0
2025-08-30,Рак,Львів,Україна,EastMarket,Харків,Україна,Mars,Солодощі,36,47.94
2025-10-25,Давимука,Одеса,Україна,GoodSupply,Львів,Україна,Lipton Ice Tea,Напої,35,14.52
2025-11-05,Малишко,Львів,Україна,EcoFoods,Одеса,Україна,Sprite,Напої,28,114.89
2025-09-22,Штепа,Одеса,Україна,EcoFoods,Одеса,Україна,Lipton Ice Tea,Напої,37,18.5
2025-09-29,Дурдинець,Харків,Україна,GoodSupply,Львів,Україна,Jacobs,Кава,27,25.92
2025-06-07,Редько,Харків,Україна,FreshTrade,Київ,Україна,Coca-Cola,Напої,11,27.51
2025-11-03,Цюпа,Львів,Україна,FreshTrade,Київ,Україна,Jacobs,Кава,39,114.31
2025-05-25,Венгринович,Харків,Україна,GoodSupply,Львів,Україна,Fanta,Напої,1,61.29
2025-09-07,Якименко,Дніпро,Україна,GoodSupply,Львів,Україна,Nescafe,Кава,8,80.64
2025-05-24,Чуприна,Київ,Україна,EastMarket,Харків,Україна,Lipton Ice Tea,Напої,24,65.26
2025-10-24,Дубина,Дніпро,Україна,EcoFoods,Одеса,Україна,Jacobs,Кава,42,25.54
2025-09-27,Бабко,Дніпро,Україна,EastMarket,Харків,Україна,Lipton Ice Tea,Напої,28,27.12
2025-08-22,Кабалюк,Одеса,Україна,EcoFoods,Одеса,Україна,Fanta,Напої,27,70.42
2025-07-21,Яремко,Одеса,Україна,EastMarket,Харків,Україна,Lipton Ice Tea,Напої,15,75.13
2025-10-27,Бакуменко,Київ,Україна,GoodSupply,Львів,Україна,Mars,Солодощі,3,40.66
2025-10-01,Голик,Львів,Україна,FreshTrade,Київ,Україна,Mars,Солодощі,50,97.3
2025-08-12,Дуплій,Київ,Україна,GoodSupply,Львів,Україна,Lipton Ice Tea,Напої,47,96.7
2025-06-16,Гузій,Одеса,Україна,EastMarket,Харків,Україна,Milka,Солодощі,17,15.55
2025-06-05,Швайка,Одеса,Україна,GoodSupply,Львів,Україна,Sprite,Напої,17,62.43
2025-08-18,Демʼянчук,Одеса,Україна,EastMarket,Харків,Україна,Milka,Солодощі,12,94.89
2025-08-06,Бараник,Київ,Україна,EcoFoods,Одеса,Україна,Mars,Солодощі,34,81.32
2025-06-26,Гайденко,Харків,Україна,EastMarket,Харків,Україна,Jacobs,Кава,49,13.52
2025-09-13,Вовк,Київ,Україна,FreshTrade,Київ,Україна,Jacobs,Кава,7,85.21
2025-09-17,Ірванець,Одеса,Україна,EastMarket,Харків,Україна,Coca-Cola,Напої,36,119.08
2025-07-02,Аверченко,Дніпро,Україна,FreshTrade,Київ,Україна,Snickers,Солодощі,49,101.22
2025-11-14,Данько,Дніпро,Україна,EcoFoods,Одеса,Україна,Lipton Ice Tea,Напої,40,56.45
2025-06-10,Вернидуб,Дніпро,Україна,EcoFoods,Одеса,Україна,Milka,Солодощі,5,82.73
2025-06-14,Ажажа,Київ,Україна,FreshTrade,Київ,Україна,Jacobs,Кава,46,42.35
2025-08-13,Дрозд,Львів,Україна,GoodSupply,Львів,Україна,Jacobs,Кава,21,78.05
2025-08-21,Сімашкевич,Київ,Україна,EastMarket,Харків,Україна,Mars,Солодощі,5,14.07
2025-06-08,Рак,Київ,Україна,FreshTrade,Київ,Україна,Snickers,Солодощі,23,115.44
2025-06-17,Дубенко,Дніпро,Україна,EastMarket,Харків,Україна,Nescafe,Кава,13,91.8
2025-10-22,Колісниченко,Одеса,Україна,FreshTrade,Київ,Україна,Milka,Солодощі,25,13.55
2025-11-11,Корсун,Харків,Україна,FreshTrade,Київ,Україна,Coca-Cola,Напої,38,92.93
2025-09-08,Рябченко,Харків,Україна,GoodSupply,Львів,Україна,Lipton Ice Tea,Напої,12,112.93
2025-10-14,Пустовіт,Львів,Україна,EastMarket,Харків,Україна,Nescafe,Кава,21,21.64
2025-07-15,Сагаль,Дніпро,Україна,EcoFoods,Одеса,Україна,Nescafe,Кава,27,75.14
2025-09-12,Атаманюк,Львів,Україна,EcoFoods,Одеса,Україна,Sprite,Напої,7,61.57
2025-11-16,Палій,Одеса,Україна,FreshTrade,Київ,Україна,Mars,Солодощі,12,99.67
2025-05-26,Козаченко,Харків,Україна,FreshTrade,Київ,Україна,Mars,Солодощі,18,38.66
2025-10-31,Забара,Харків,Україна,GoodSupply,Львів,Україна,Coca-Cola,Напої,39,111.16
2025-09-17,Охримович,Дніпро,Україна,FreshTrade,Київ,Україна,Fanta,Напої,30,111.81
2025-10-20,Яценюк,Дніпро,Україна,EcoFoods,Одеса,Україна,Coca-Cola,Напої,3,105.63
2025-07-20,Шаповал,Дніпро,Україна,GoodSupply,Львів,Україна,Lipton Ice Tea,Напої,37,100.33
2025-11-15,Гузь,Київ,Україна,EcoFoods,Одеса,Україна,Lipton Ice Tea,Напої,21,29.05
2025-07-25,Ребрик,Харків,Україна,EcoFoods,Одеса,Україна,Snickers,Солодощі,50,113.0
2025-09-16,Цісик,Львів,Україна,EcoFoods,Одеса,Україна,Milka,Солодощі,15,61.8
2025-07-11,Дробаха,Львів,Україна,EastMarket,Харків,Україна,Milka,Солодощі,39,58.39
2025-09-02,Александренко,Одеса,Україна,GoodSupply,Львів,Україна,Coca-Cola,Напої,50,119.42
2025-06-23,Тичина,Київ,Україна,GoodSupply,Львів,Україна,Lipton Ice Tea,Напої,5,26.59
2025-10-20,Гаврилець,Дніпро,Україна,FreshTrade,Київ,Україна,Nescafe,Кава,15,45.19
2025-11-09,Кащенко,Харків,Україна,EastMarket,Харків,Україна,Snickers,Солодощі,12,98.65
2025-11-18,Фартушняк,Одеса,Україна,GoodSupply,Львів,Україна,Snickers,Солодощі,32,33.35
2025-09-14,Бабʼяк,Київ,Україна,GoodSupply,Львів,Україна,Snickers,Солодощі,13,64.63
2025-06-19,Титаренко,Київ,Україна,FreshTrade,Київ,Україна,Fanta,Напої,31,105.61
2025-06-14,Ященко,Одеса,Україна,GoodSupply,Львів,Україна,Snickers,Солодощі,15,80.1
2025-07-14,Лемешко,Київ,Україна,FreshTrade,Київ,Україна,Milka,Солодощі,4,90.97
2025-10-09,Арсенич,Дніпро,Україна,FreshTrade,Київ,Україна,Lipton Ice Tea,Напої,6,59.46
2025-10-17,Михалюк,Дніпро,Україна,EastMarket,Харків,Україна,Lipton Ice Tea,Напої,44,79.03
2025-08-24,Давимука,Харків,Україна,EastMarket,Харків,Україна,Jacobs,Кава,16,62.59
2025-06-03,Зінкевич,Одеса,Україна,FreshTrade,Київ,Україна,Lipton Ice Tea,Напої,10,18.9
2025-10-05,Гузій,Львів,Україна,EcoFoods,Одеса,Україна,Lipton Ice Tea,Напої,21,40.48
2025-06-24,Давиденко,Дніпро,Україна,FreshTrade,Київ,Україна,Fanta,Напої,33,29.54
2025-06-15,Ващенко-Захарченко,Одеса,Україна,GoodSupply,Львів,Україна,Coca-Cola,Напої,33,56.12
2025-06-21,Чарниш,Львів,Україна,EcoFoods,Одеса,Україна,Jacobs,Кава,35,21.99
2025-10-31,Філіпенко,Київ,Україна,EastMarket,Харків,Україна,Mars,Солодощі,45,65.3
2025-11-01,Кальченко,Одеса,Україна,FreshTrade,Київ,Україна,Mars,Солодощі,42,33.93
2025-07-24,Охріменко,Харків,Україна,EastMarket,Харків,Україна,Coca-Cola,Напої,10,88.99
2025-11-01,Червоненко,Дніпро,Україна,EastMarket,Харків,Україна,Sprite,Напої,47,98.68
2025-07-30,Рудько,Київ,Україна,EastMarket,Харків,Україна,Sprite,Напої,30,65.78
2025-09-18,Джунь,Київ,Україна,FreshTrade,Київ,Україна,Coca-Cola,Напої,22,24.48
2025-11-03,Бабенко,Київ,Україна,FreshTrade,Київ,Україна,Fanta,Напої,7,20.14
2025-06-01,Журавель,Львів,Україна,EcoFoods,Одеса,Україна,Fanta,Напої,37,77.43
2025-10-06,Гузій,Дніпро,Україна,GoodSupply,Львів,Україна,Mars,Солодощі,28,41.38
2025-07-26,Батюк,Київ,Україна,EcoFoods,Одеса,Україна,Nescafe,Кава,43,50.81
2025-08-11,Євтушенко,Харків,Україна,GoodSupply,Львів,Україна,Fanta,Напої,21,93.22
2025-10-30,Батіг,Одеса,Україна,EastMarket,Харків,Україна,Sprite,Напої,39,77.2
2025-06-23,Височан,Одеса,Україна,EastMarket,Харків,Україна,Mars,Солодощі,36,116.75
2025-11-10,Червоненко,Львів,Україна,FreshTrade,Київ,Україна,Lipton Ice Tea,Напої,9,104.53
2025-08-24,Пʼятаченко,Львів,Україна,FreshTrade,Київ,Україна,Sprite,Напої,3,86.25
2025-06-16,Захарченко,Одеса,Україна,EastMarket,Харків,Україна,Snickers,Солодощі,7,56.09
2025-07-21,Савенко,Львів,Україна,EcoFoods,Одеса,Україна,Mars,Солодощі,18,46.3
2025-10-28,Вдовиченко,Харків,Україна,FreshTrade,Київ,Україна,Sprite,Напої,20,65.58
2025-09-10,Артеменко,Харків,Україна,GoodSupply,Львів,Україна,Jacobs,Кава,20,74.31
2025-11-19,Євтушок,Харків,Україна,GoodSupply,Львів,Україна,Mars,Солодощі,14,100.71
2025-10-29,Щириця,Одеса,Україна,FreshTrade,Київ,Україна,Fanta,Напої,17,30.87
2025-05-27,Іващенко,Дніпро,Україна,EastMarket,Харків,Україна,Sprite,Напої,7,108.66
2025-10-20,Дзюба,Одеса,Україна,EcoFoods,Одеса,Україна,Snickers,Солодощі,20,58.08
2025-11-04,Дейнека,Київ,Україна,EastMarket,Харків,Україна,Sprite,Напої,43,118.31
2025-09-20,Приходько,Харків,Україна,FreshTrade,Київ,Україна,Coca-Cola,Напої,16,59.67
2025-07-01,Чуприна,Львів,Україна,GoodSupply,Львів,Україна,Nescafe,Кава,16,27.41
2025-05-28,Зінчук,Київ,Україна,GoodSupply,Львів,Україна,Milka,Солодощі,6,59.36
2025-06-02,Луценко,Харків,Україна,FreshTrade,Київ,Україна,Nescafe,Кава,6,53.47
2025-09-13,Штокало,Одеса,Україна,EcoFoods,Одеса,Україна,Milka,Солодощі,39,14.75
2025-06-28,Саченко,Дніпро,Україна,EcoFoods,Одеса,Україна,Nescafe,Кава,40,104.65
2025-06-03,Петрик,Київ,Україна,FreshTrade,Київ,Україна,Nescafe,Кава,38,49.2
2025-09-22,Масляк,Харків,Україна,EastMarket,Харків,Україна,Lipton Ice Tea,Напої,50,42.61
2025-06-11,Якименко,Дніпро,Україна,EcoFoods,Одеса,Україна,Snickers,Солодощі,27,13.85
2025-09-13,Дергач,Дніпро,Україна,GoodSupply,Львів,Україна,Fanta,Напої,2,88.33
2025-11-17,Стець,Одеса,Україна,EcoFoods,Одеса,Україна,Nescafe,Кава,4,73.99
2025-07-17,Лемешко,Харків,Україна,GoodSupply,Львів,Україна,Milka,Солодощі,9,105.18
2025-07-25,Безбородько,Дніпро,Україна,FreshTrade,Київ,Україна,Sprite,Напої,5,64.01
2025-09-24,Рубець,Харків,Україна,EcoFoods,Одеса,Україна,Sprite,Напої,35,10.43
2025-11-16,Сацюк,Одеса,Україна,EastMarket,Харків,Україна,Lipton Ice Tea,Напої,25,110.27
2025-11-13,Атаманюк,Київ,Україна,EcoFoods,Одеса,Україна,Nescafe,Кава,36,66.28
2025-10-09,Удовиченко,Харків,Україна,FreshTrade,Київ,Україна,Milka,Солодощі,50,11.25
2025-09-18,Пелех,Одеса,Україна,FreshTrade,Київ,Україна,Snickers,Солодощі,47,105.22
2025-06-13,Даньків,Київ,Україна,EastMarket,Харків,Україна,Lipton Ice Tea,Напої,16,66.75
2025-08-06,Михайличенко,Дніпро,Україна,FreshTrade,Київ,Україна,Nescafe,Кава,50,88.05
2025-08-17,Атаманюк,Дніпро,Україна,GoodSupply,Львів,Україна,Milka,Солодощі,7,42.78
2025-07-02,Єресько,Київ,Україна,FreshTrade,Київ,Україна,Nescafe,Кава,46,26.61
2025-06-26,Салій,Харків,Україна,FreshTrade,Київ,Україна,Nescafe,Кава,16,27.78
2025-06-23,Вернигора,Львів,Україна,EcoFoods,Одеса,Україна,Snickers,Солодощі,33,65.84
2025-09-18,Зарудний,Київ,Україна,EcoFoods,Одеса,Україна,Sprite,Напої,39,49.82
2025-11-18,Шаповал,Харків,Україна,EastMarket,Харків,Україна,Lipton Ice Tea,Напої,3,64.17
2025-07-08,Короленко,Львів,Україна,EastMarket,Харків,Україна,Sprite,Напої,45,116.75
2025-11-18,Хмара,Київ,Україна,EcoFoods,Одеса,Україна,Lipton Ice Tea,Напої,8,79.19
2025-09-02,Малишко,Дніпро,Україна,FreshTrade,Київ,Україна,Milka,Солодощі,43,93.41
2025-07-28,Давимука,Харків,Україна,FreshTrade,Київ,Україна,Jacobs,Кава,13,98.03
2025-09-20,Сіробаба,Одеса,Україна,FreshTrade,Київ,Україна,Snickers,Солодощі,6,59.24
2025-07-10,Єфименко,Львів,Україна,EastMarket,Харків,Україна,Fanta,Напої,30,45.23
2025-07-24,Кальченко,Харків,Україна,EcoFoods,Одеса,Україна,Coca-Cola,Напої,30,85.76
2025-11-10,Вовк,Київ,Україна,GoodSupply,Львів,Україна,Mars,Солодощі,20,30.22
2025-07-19,Скирда,Львів,Україна,EastMarket,Харків,Україна,Milka,Солодощі,44,95.64
2025-06-19,Дурдинець,Дніпро,Україна,FreshTrade,Київ,Україна,Fanta,Напої,4,43.57
2025-10-08,Макогон,Одеса,Україна,FreshTrade,Київ,Україна,Nescafe,Кава,42,41.54
2025-10-22,Дубас,Дніпро,Україна,GoodSupply,Львів,Україна,Coca-Cola,Напої,47,86.09
2025-10-27,Терещенко,Харків,Україна,GoodSupply,Львів,Україна,Snickers,Солодощі,15,96.92
2025-07-22,Дейсун,Львів,Україна,EcoFoods,Одеса,Україна,Milka,Солодощі,13,24.49
2025-10-09,Архипенко,Дніпро,Україна,GoodSupply,Львів,Україна,Nescafe,Кава,2,17.57
2025-06-05,Якимчук,Харків,Україна,GoodSupply,Львів,Україна,Jacobs,Кава,1,86.58
2025-07-18,Сомко,Київ,Україна,GoodSupply,Львів,Україна,Jacobs,Кава,8,88.4
2025-06-04,Сомко,Дніпро,Україна,EastMarket,Харків,Україна,Mars,Солодощі,5,29.79
2025-09-01,Жаліло,Львів,Україна,EastMarket,Харків,Україна,Snickers,Солодощі,19,22.11
2025-07-02,Рева,Одеса,Україна,EastMarket,Харків,Україна,Nescafe,Кава,36,93.42
2025-06-03,Александренко,Дніпро,Україна,GoodSupply,Львів,Україна,Coca-Cola,Напої,34,74.03
2025-06-04,Данько,Львів,Україна,EcoFoods,Одеса,Україна,Sprite,Напої,42,46.62
2025-09-19,Дурдинець,Дніпро,Україна,EcoFoods,Одеса,Україна,Lipton Ice Tea,Напої,32,23.68
2025-07-20,Андрейко,Львів,Україна,FreshTrade,Київ,Україна,Milka,Солодощі,35,22.1
2025-07-27,Тимчук,Львів,Україна,EastMarket,Харків,Україна,Coca-Cola,Напої,32,50.59
2025-10-17,Байрак,Одеса,Україна,GoodSupply,Львів,Україна,Snickers,Солодощі,2,90.19
2025-11-03,Забашта,Київ,Україна,EastMarket,Харків,Україна,Fanta,Напої,22,36.93
2025-08-13,Лаба,Одеса,Україна,GoodSupply,Львів,Україна,Lipton Ice Tea,Напої,9,92.96
2025-11-04,Полтавець,Одеса,Україна,GoodSupply,Львів,Україна,Nescafe,Кава,19,13.85
2025-09-19,Швачка,Київ,Україна,EcoFoods,Одеса,Україна,Lipton Ice Tea,Напої,18,80.43
2025-05-29,Дутка,Київ,Україна,GoodSupply,Львів,Україна,Coca-Cola,Напої,46,50.72
2025-11-19,Іващенко,Харків,Україна,EcoFoods,Одеса,Україна,Snickers,Солодощі,35,104.25
2025-10-12,Щорс,Київ,Україна,EcoFoods,Одеса,Україна,Sprite,Напої,3,63.42
2025-11-09,Бараник,Дніпро,Україна,FreshTrade,Київ,Україна,Mars,Солодощі,25,78.98
2025-06-02,Сірченко,Одеса,Україна,FreshTrade,Київ,Україна,Coca-Cola,Напої,3,59.04
2025-09-05,Іванченко,Львів,Україна,EastMarket,Харків,Україна,Snickers,Солодощі,19,94.62
2025-08-29,Баранець,Одеса,Україна,GoodSupply,Львів,Україна,Coca-Cola,Напої,20,41.08
2025-06-06,Дубенко,Дніпро,Україна,GoodSupply,Львів,Україна,Milka,Солодощі,5,104.41
2025-07-21,Зайченко,Київ,Україна,EastMarket,Харків,Україна,Coca-Cola,Напої,34,55.34
2025-11-05,Лубенець,Одеса,Україна,FreshTrade,Київ,Україна,Milka,Солодощі,1,94.09
2025-06-02,Наливайко,Дніпро,Україна,EcoFoods,Одеса,Україна,Fanta,Напої,1,105.04
2025-07-24,Макаренко,Київ,Україна,EcoFoods,Одеса,Україна,Fanta,Напої,3,46.35
2025-07-04,Щириця,Дніпро,Україна,FreshTrade,Київ,Україна,Nescafe,Кава,47,41.28
2025-09-04,Шаблій,Львів,Україна,EastMarket,Харків,Україна,Nescafe,Кава,3,50.0
2025-06-16,Товстуха,Одеса,Україна,GoodSupply,Львів,Україна,Fanta,Напої,37,87.94
2025-10-09,Романець,Київ,Україна,EastMarket,Харків,Україна,Jacobs,Кава,34,103.26
2025-10-20,Якименко,Львів,Україна,FreshTrade,Київ,Україна,Lipton Ice Tea,Напої,38,111.02
2025-06-28,Тесля,Львів,Україна,GoodSupply,Львів,Україна,Fanta,Напої,33,84.19
2025-09-14,Охримович,Львів,Україна,EastMarket,Харків,Україна,Mars,Солодощі,46,14.79
2025-09-06,Малик,Одеса,Україна,EastMarket,Харків,Україна,Fanta,Напої,9,31.02
2025-06-23,Швачко,Київ,Україна,FreshTrade,Київ,Україна,Snickers,Солодощі,46,85.39
2025-05-29,Деркач,Дніпро,Україна,FreshTrade,Київ,Україна,Milka,Солодощі,21,36.63
2025-09-15,Андрейко,Дніпро,Україна,GoodSupply,Львів,Україна,Mars,Солодощі,1,47.08
2025-10-18,Штокало,Київ,Україна,EcoFoods,Одеса,Україна,Milka,Солодощі,4,35.58
2025-06-30,Вдовенко,Київ,Україна,EastMarket,Харків,Україна,Fanta,Напої,50,46.24
2025-08-01,Щириця,Одеса,Україна,GoodSupply,Львів,Україна,Nescafe,Кава,31,97.63
2025-08-21,Павличенко,Київ,Україна,EcoFoods,Одеса,Україна,Snickers,Солодощі,47,18.71
2025-10-18,Баклан,Одеса,Україна,FreshTrade,Київ,Україна,Coca-Cola,Напої,31,78.49
2025-06-07,Дахно,Львів,Україна,FreshTrade,Київ,Україна,Jacobs,Кава,25,97.49
2025-05-24,Цимбал,Дніпро,Україна,EastMarket,Харків,Україна,Jacobs,Кава,42,59.87
2025-07-25,Христич,Харків,Україна,EcoFoods,Одеса,Україна,Sprite,Напої,11,115.97
2025-10-09,Вахній,Київ,Україна,EcoFoods,Одеса,Україна,Milka,Солодощі,25,39.42
2025-09-23,Примаченко,Львів,Україна,EastMarket,Харків,Україна,Nescafe,Кава,12,115.97
2025-06-23,Устенко,Одеса,Україна,FreshTrade,Київ,Україна,Mars,Солодощі,30,104.2
2025-09-16,Лисенко,Львів,Україна,EastMarket,Харків,Україна,Lipton Ice Tea,Напої,12,33.96
2025-10-02,Засядько,Львів,Україна,EcoFoods,Одеса,Україна,Sprite,Напої,21,32.41
2025-06-29,Швайка,Одеса,Україна,FreshTrade,Київ,Україна,Mars,Солодощі,12,107.4
2025-08-23,Жарко,Київ,Україна,GoodSupply,Львів,Україна,Sprite,Напої,31,59.78
2025-08-26,Литвиненко,Київ,Україна,EcoFoods,Одеса,Україна,Sprite,Напої,42,95.9
2025-08-03,Литвин,Київ,Україна,GoodSupply,Львів,Україна,Snickers,Солодощі,13,36.94
2025-09-28,Хмара,Одеса,Україна,EastMarket,Харків,Україна,Lipton Ice Tea,Напої,2,99.29
2025-10-26,Козаченко,Київ,Україна,EcoFoods,Одеса,Україна,Sprite,Напої,39,53.71
2025-10-08,Ажажа,Львів,Україна,FreshTrade,Київ,Україна,Mars,Солодощі,17,118.14
2025-05-31,Затула,Львів,Україна,EastMarket,Харків,Україна,Coca-Cola,Напої,46,43.88
2025-09-12,Валенко,Одеса,Україна,EcoFoods,Одеса,Україна,Snickers,Солодощі,26,66.19
2025-06-23,Салій,Дніпро,Україна,GoodSupply,Львів,Україна,Mars,Солодощі,9,28.6
2025-06-05,Каденюк,Львів,Україна,FreshTrade,Київ,Україна,Snickers,Солодощі,6,22.22
2025-10-02,Тичина,Львів,Україна,GoodSupply,Львів,Україна,Coca-Cola,Напої,31,71.9
2025-10-25,Єрмоленко,Дніпро,Україна,EcoFoods,Одеса,Україна,Mars,Солодощі,48,17.65
2025-07-19,Гайдабура,Київ,Україна,GoodSupply,Львів,Україна,Jacobs,Кава,11,12.01
2025-06-23,Абрамчук,Львів,Україна,EastMarket,Харків,Україна,Milka,Солодощі,14,78.83
2025-08-06,Філіпенко,Одеса,Україна,EcoFoods,Одеса,Україна,Snickers,Солодощі,29,60.84
2025-09-13,Ірванець,Одеса,Україна,GoodSupply,Львів,Україна,Jacobs,Кава,20,30.66
2025-09-02,Тесля,Харків,Україна,EastMarket,Харків,Україна,Fanta,Напої,5,55.29
2025-08-29,Зарудний,Львів,Україна,FreshTrade,Київ,Україна,Mars,Солодощі,24,15.95
2025-06-15,Вдовенко,Київ,Україна,GoodSupply,Львів,Україна,Sprite,Напої,14,87.84
2025-10-23,Шевченко,Одеса,Україна,GoodSupply,Львів,Україна,Sprite,Напої,46,63.01
2025-08-11,Дацюк,Дніпро,Україна,FreshTrade,Київ,Україна,Jacobs,Кава,24,33.95
2025-08-15,Їжак,Дніпро,Україна,GoodSupply,Львів,Україна,Lipton Ice Tea,Напої,15,26.56
2025-07-11,Бандурка,Дніпро,Україна,EcoFoods,Одеса,Україна,Fanta,Напої,7,87.21
2025-09-01,Товстуха,Дніпро,Україна,EastMarket,Харків,Україна,Sprite,Напої,3,48.67
2025-06-22,Забіла,Дніпро,Україна,EastMarket,Харків,Україна,Milka,Солодощі,45,57.32
2025-09-24,Корпанюк,Харків,Україна,FreshTrade,Київ,Україна,Jacobs,Кава,7,34.63
2025-10-22,Заїка,Одеса,Україна,FreshTrade,Київ,Україна,Jacobs,Кава,50,109.24
2025-07-13,Яковенко,Одеса,Україна,EcoFoods,Одеса,Україна,Coca-Cola,Напої,35,58.72
2025-09-29,Матяш,Одеса,Україна,EcoFoods,Одеса,Україна,Sprite,Напої,45,102.52
2025-06-21,Атаманчук,Харків,Україна,EcoFoods,Одеса,Україна,Lipton Ice Tea,Напої,2,92.89
2025-11-09,Шинкаренко,Львів,Україна,FreshTrade,Київ,Україна,Nescafe,Кава,20,64.0
2025-07-11,Бабій,Дніпро,Україна,FreshTrade,Київ,Україна,Jacobs,Кава,32,104.83
2025-08-10,Швачка,Київ,Україна,FreshTrade,Київ,Україна,Snickers,Солодощі,27,30.58
2025-06-16,Іваничук,Одеса,Україна,FreshTrade,Київ,Україна,Lipton Ice Tea,Напої,10,63.3
2025-10-30,Дахно,Київ,Україна,EastMarket,Харків,Україна,Milka,Солодощі,46,63.84
2025-10-23,Сіробаба,Одеса,Україна,GoodSupply,Львів,Україна,Fanta,Напої,1,38.46
2025-08-13,Ящук,Харків,Україна,EcoFoods,Одеса,Україна,Milka,Солодощі,28,38.62
2025-10-05,Юрчишин,Харків,Україна,EcoFoods,Одеса,Україна,Mars,Солодощі,8,28.66
2025-10-05,Верес,Дніпро,Україна,EcoFoods,Одеса,Україна,Mars,Солодощі,4,62.1
2025-08-04,Василечко,Дніпро,Україна,EcoFoods,Одеса,Україна,Coca-Cola,Напої,37,53.63
2025-10-18,Власенко,Київ,Україна,FreshTrade,Київ,Україна,Jacobs,Кава,9,27.98
2025-08-14,Ребрик,Київ,Україна,GoodSupply,Львів,Україна,Milka,Солодощі,31,32.68
2025-06-21,Бабʼюк,Одеса,Україна,GoodSupply,Львів,Україна,Mars,Солодощі,19,100.47
2025-08-22,Василашко,Харків,Україна,GoodSupply,Львів,Україна,Fanta,Напої,20,37.52
2025-11-13,Козак,Львів,Україна,FreshTrade,Київ,Україна,Snickers,Солодощі,20,17.32
2025-09-04,Кабаненко,Харків,Україна,FreshTrade,Київ,Україна,Milka,Солодощі,24,115.84
2025-11-15,Андрейко,Дніпро,Україна,GoodSupply,Львів,Україна,Sprite,Напої,11,15.51
2025-06-11,Чорновіл,Львів,Україна,FreshTrade,Київ,Україна,Fanta,Напої,29,14.78
2025-11-10,Валенко,Одеса,Україна,EastMarket,Харків,Україна,Mars,Солодощі,50,106.94
2025-10-11,Абраменко,Дніпро,Україна,FreshTrade,Київ,Україна,Lipton Ice Tea,Напої,30,28.98
2025-08-03,Василевич,Дніпро,Україна,GoodSupply,Львів,Україна,Coca-Cola,Напої,34,97.92
2025-10-03,Чуйко,Київ,Україна,EastMarket,Харків,Україна,Milka,Солодощі,32,108.78
2025-07-11,Гречко,Київ,Україна,FreshTrade,Київ,Україна,Mars,Солодощі,46,78.03
2025-10-07,Шеремет,Дніпро,Україна,EastMarket,Харків,Україна,Jacobs,Кава,13,30.89
2025-07-28,Михайлюк,Дніпро,Україна,FreshTrade,Київ,Україна,Nescafe,Кава,44,13.09
2025-08-13,Назаренко,Дніпро,Україна,EcoFoods,Одеса,Україна,Jacobs,Кава,9,62.27
2025-08-09,Шутько,Харків,Україна,EcoFoods,Одеса,Україна,Coca-Cola,Напої,17,98.3
2025-07-25,Кириленко,Дніпро,Україна,EastMarket,Харків,Україна,Mars,Солодощі,5,99.31
2025-07-31,Байрак,Львів,Україна,EastMarket,Харків,Україна,Coca-Cola,Напої,25,72.68
2025-06-29,Вертипорох,Харків,Україна,EastMarket,Харків,Україна,Mars,Солодощі,17,46.12
2025-08-01,Дараган,Львів,Україна,EcoFoods,Одеса,Україна,Mars,Солодощі,29,36.1
2025-09-11,Охріменко,Львів,Україна,EcoFoods,Одеса,Україна,Lipton Ice Tea,Напої,28,103.96
2025-10-07,Ващенко,Київ,Україна,EcoFoods,Одеса,Україна,Sprite,Напої,26,43.24
2025-10-30,Архимович,Київ,Україна,EcoFoods,Одеса,Україна,Lipton Ice Tea,Напої,21,40.38
2025-11-16,Ванченко,Одеса,Україна,GoodSupply,Львів,Україна,Jacobs,Кава,1,49.11
2025-11-11,Ґжицький,Харків,Україна,EcoFoods,Одеса,Україна,Jacobs,Кава,50,60.01
2025-08-07,Зубко,Київ,Україна,FreshTrade,Київ,Україна,Sprite,Напої,42,37.03
2025-06-19,Ісаєнко,Харків,Україна,EastMarket,Харків,Україна,Mars,Солодощі,33,69.99
2025-08-23,Бабко,Київ,Україна,GoodSupply,Львів,Україна,Mars,Солодощі,32,45.65
2025-07-27,Микитюк,Дніпро,Україна,EastMarket,Харків,Україна,Lipton Ice Tea,Напої,41,39.32
2025-11-06,Швачка,Київ,Україна,EcoFoods,Одеса,Україна,Snickers,Солодощі,9,49.22
2025-07-24,Шиян,Харків,Україна,EcoFoods,Одеса,Україна,Snickers,Солодощі,30,11.11
2025-06-26,Оробець,Харків,Україна,EcoFoods,Одеса,Україна,Mars,Солодощі,41,34.49
2025-08-29,Гавриш,Київ,Україна,GoodSupply,Львів,Україна,Snickers,Солодощі,21,107.07
2025-07-03,Яременко,Харків,Україна,EcoFoods,Одеса,Україна,Sprite,Напої,17,79.9
2025-08-06,Баранець,Київ,Україна,FreshTrade,Київ,Україна,Snickers,Солодощі,15,104.65
2025-06-20,Батіг,Львів,Україна,EcoFoods,Одеса,Україна,Nescafe,Кава,14,98.44
2025-06-03,Вакарчук,Львів,Україна,EastMarket,Харків,Україна,Jacobs,Кава,46,70.05
2025-05-26,Охримович,Київ,Україна,FreshTrade,Київ,Україна,Sprite,Напої,41,63.14
2025-10-11,Рубець,Дніпро,Україна,EcoFoods,Одеса,Україна,Snickers,Солодощі,14,57.05
2025-07-06,Ґерус,Дніпро,Україна,EastMarket,Харків,Україна,Coca-Cola,Напої,32,66.39
2025-09-01,Іваничук,Харків,Україна,EcoFoods,Одеса,Україна,Nescafe,Кава,25,69.82
2025-06-04,Уманець,Одеса,Україна,EastMarket,Харків,Україна,Fanta,Напої,10,105.95
2025-06-18,Атрощенко,Львів,Україна,GoodSupply,Львів,Україна,Lipton Ice Tea,Напої,3,38.64
2025-06-07,Дрозд,Одеса,Україна,GoodSupply,Львів,Україна,Sprite,Напої,47,96.35
2025-06-23,Ейбоженко,Київ,Україна,FreshTrade,Київ,Україна,Coca-Cola,Напої,43,55.36
2025-07-17,Карпа,Одеса,Україна,EcoFoods,Одеса,Україна,Lipton Ice Tea,Напої,36,39.79
2025-06-29,Засуха,Київ,Україна,EastMarket,Харків,Україна,Jacobs,Кава,40,105.96
2025-08-02,Швайка,Дніпро,Україна,EcoFoods,Одеса,Україна,Milka,Солодощі,39,57.0
2025-10-06,Юрчук,Харків,Україна,EcoFoods,Одеса,Україна,Sprite,Напої,47,68.77
2025-07-20,Удовиченко,Дніпро,Україна,GoodSupply,Львів,Україна,Snickers,Солодощі,12,117.72
2025-06-06,Ніколюк,Львів,Україна,EcoFoods,Одеса,Україна,Coca-Cola,Напої,45,28.69
2025-06-17,Цюпа,Львів,Україна,GoodSupply,Львів,Україна,Nescafe,Кава,1,62.15
2025-08-19,Жадан,Дніпро,Україна,EcoFoods,Одеса,Україна,Fanta,Напої,29,115.91
2025-11-07,Авраменко,Одеса,Україна,GoodSupply,Львів,Україна,Lipton Ice Tea,Напої,37,44.04
2025-08-03,Ярош,Київ,Україна,EcoFoods,Одеса,Україна,Milka,Солодощі,29,113.5
2025-09-18,Абраменко,Одеса,Україна,GoodSupply,Львів,Україна,Coca-Cola,Напої,17,70.9
2025-09-29,Копитко,Дніпро,Україна,FreshTrade,Київ,Україна,Fanta,Напої,5,35.52
2025-07-17,Затула,Дніпро,Україна,EcoFoods,Одеса,Україна,Nescafe,Кава,20,101.25
2025-09-20,Гоголь-Яновський,Одеса,Україна,EcoFoods,Одеса,Україна,Mars,Солодощі,25,74.75
2025-09-28,Затовканюк,Львів,Україна,EastMarket,Харків,Україна,Lipton Ice Tea,Напої,2,63.52
2025-09-05,Макаренко,Одеса,Україна,FreshTrade,Київ,Україна,Coca-Cola,Напої,19,114.27
2025-05-30,Козак,Київ,Україна,FreshTrade,Київ,Україна,Coca-Cola,Напої,41,22.91
2025-05-31,Ящук,Дніпро,Україна,EastMarket,Харків,Україна,Sprite,Напої,36,34.15
2025-06-18,Єсипенко,Київ,Україна,EcoFoods,Одеса,Україна,Fanta,Напої,3,112.11
2025-09-07,Семенченко,Львів,Україна,FreshTrade,Київ,Україна,Sprite,Напої,30,70.44
2025-09-03,Петрик,Львів,Україна,GoodSupply,Львів,Україна,Nescafe,Кава,45,56.52
2025-09-17,Забара,Львів,Україна,GoodSupply,Львів,Україна,Fanta,Напої,44,110.3
2025-08-26,Романенко,Львів,Україна,EastMarket,Харків,Україна,Jacobs,Кава,21,11.1
2025-10-03,Тарасенко,Одеса,Україна,FreshTrade,Київ,Україна,Jacobs,Кава,43,53.29
2025-09-30,Рева,Харків,Україна,EastMarket,Харків,Україна,Mars,Солодощі,21,36.41
2025-10-28,Забара,Львів,Україна,EastMarket,Харків,Україна,Nescafe,Кава,30,82.49
2025-10-04,Чуприна,Дніпро,Україна,EastMarket,Харків,Україна,Nescafe,Кава,11,36.92
2025-06-08,Устенко,Одеса,Україна,EastMarket,Харків,Україна,Fanta,Напої,34,75.0
2025-06-23,Палій,Одеса,Україна,FreshTrade,Київ,Україна,Nescafe,Кава,18,69.97
2025-07-14,Василенко,Дніпро,Україна,FreshTrade,Київ,Україна,Lipton Ice Tea,Напої,4,10.72
2025-10-31,Фоменко,Київ,Україна,EastMarket,Харків,Україна,Coca-Cola,Напої,43,45.76
2025-07-26,Жученко,Одеса,Україна,EastMarket,Харків,Україна,Milka,Солодощі,38,51.28
2025-06-12,Усик,Харків,Україна,FreshTrade,Київ,Україна,Mars,Солодощі,12,41.12
2025-07-11,Демʼянюк,Київ,Україна,FreshTrade,Київ,Україна,Snickers,Солодощі,48,78.07
2025-06-01,Токар,Харків,Україна,EcoFoods,Одеса,Україна,Coca-Cola,Напої,41,39.84
2025-10-11,Сиротенко,Львів,Україна,FreshTrade,Київ,Україна,Jacobs,Кава,20,79.27
2025-08-16,Литвин,Київ,Україна,EcoFoods,Одеса,Україна,Mars,Солодощі,38,45.89
2025-11-02,Юрчук,Одеса,Україна,EcoFoods,Одеса,Україна,Snickers,Солодощі,41,35.3
2025-10-05,Хомик,Дніпро,Україна,GoodSupply,Львів,Україна,Jacobs,Кава,20,87.2
2025-09-12,Юрченко,Одеса,Україна,FreshTrade,Київ,Україна,Milka,Солодощі,45,16.1
2025-10-08,Алексюк,Харків,Україна,EcoFoods,Одеса,Україна,Milka,Солодощі,26,42.07
2025-07-20,Гуцуляк,Дніпро,Україна,GoodSupply,Львів,Україна,Jacobs,Кава,42,38.77
2025-06-03,Гречко,Київ,Україна,EastMarket,Харків,Україна,Sprite,Напої,8,32.8
2025-06-05,Гаврилишин,Харків,Україна,EcoFoods,Одеса,Україна,Sprite,Напої,12,67.6
2025-06-15,Удовенко,Одеса,Україна,EastMarket,Харків,Україна,Fanta,Напої,36,25.15
2025-06-09,Гузь,Одеса,Україна,FreshTrade,Київ,Україна,Sprite,Напої,13,64.28
2025-09-23,Іщак,Харків,Україна,EcoFoods,Одеса,Україна,Fanta,Напої,38,28.9
2025-08-27,Ільєнко,Київ,Україна,GoodSupply,Львів,Україна,Sprite,Напої,2,23.49
2025-05-29,Воблий,Львів,Україна,EcoFoods,Одеса,Україна,Fanta,Напої,16,73.91
2025-10-03,Бабій,Дніпро,Україна,GoodSupply,Львів,Україна,Mars,Солодощі,17,30.54
2025-11-12,Ткаченко,Дніпро,Україна,FreshTrade,Київ,Україна,Lipton Ice Tea,Напої,41,19.78
2025-06-21,Лесик,Львів,Україна,FreshTrade,Київ,Україна,Mars,Солодощі,23,85.44
2025-07-25,Заєць,Дніпро,Україна,GoodSupply,Львів,Україна,Lipton Ice Tea,Напої,37,33.8
2025-06-18,Єсипенко,Львів,Україна,EastMarket,Харків,Україна,Fanta,Напої,32,115.14
2025-06-26,Базавлученко,Дніпро,Україна,EcoFoods,Одеса,Україна,Mars,Солодощі,12,45.52
2025-06-17,Заруба,Дніпро,Україна,EastMarket,Харків,Україна,Lipton Ice Tea,Напої,15,108.21
2025-09-08,Шеремет,Харків,Україна,GoodSupply,Львів,Україна,Jacobs,Кава,1,81.95
2025-07-04,Мазур,Львів,Україна,FreshTrade,Київ,Україна,Nescafe,Кава,50,22.88
2025-07-02,Слюсар,Львів,Україна,EastMarket,Харків,Україна,Sprite,Напої,49,112.55
2025-08-25,Дергач,Харків,Україна,EcoFoods,Одеса,Україна,Nescafe,Кава,43,51.51
2025-09-18,Сірченко,Одеса,Україна,FreshTrade,Київ,Україна,Jacobs,Кава,5,94.81
2025-08-28,Барабаш,Львів,Україна,EcoFoods,Одеса,Україна,Fanta,Напої,46,53.38
2025-07-19,Баранник,Харків,Україна,EastMarket,Харків,Україна,Snickers,Солодощі,32,47.83
2025-06-30,Гаврилець,Харків,Україна,EastMarket,Харків,Україна,Lipton Ice Tea,Напої,13,85.14
2025-09-19,Верес,Харків,Україна,GoodSupply,Львів,Україна,Coca-Cola,Напої,33,117.14
2025-05-26,Тимченко,Одеса,Україна,FreshTrade,Київ,Україна,Fanta,Напої,16,107.19
2025-06-29,Рубан,Київ,Україна,EcoFoods,Одеса,Україна,Jacobs,Кава,22,93.37
2025-07-07,Стус,Одеса,Україна,FreshTrade,Київ,Україна,Jacobs,Кава,3,48.71
2025-09-15,Скоробогатько,Харків,Україна,EcoFoods,Одеса,Україна,Jacobs,Кава,49,74.04
2025-05-25,Левченко,Дніпро,Україна,GoodSupply,Львів,Україна,Mars,Солодощі,48,33.38
2025-07-05,Твердохліб,Одеса,Україна,GoodSupply,Львів,Україна,Fanta,Напої,33,117.4
2025-11-13,Іваничук,Київ,Україна,GoodSupply,Львів,Україна,Coca-Cola,Напої,39,107.35
2025-09-06,Бабʼюк,Одеса,Україна,FreshTrade,Київ,Україна,Milka,Солодощі,21,119.43
2025-09-04,Проценко,Харків,Україна,FreshTrade,Київ,Україна,Jacobs,Кава,6,55.71
2025-09-21,Ґереґа,Одеса,Україна,EcoFoods,Одеса,Україна,Jacobs,Кава,13,88.77
2025-09-17,Дубас,Львів,Україна,GoodSupply,Львів,Україна,Mars,Солодощі,50,36.46
2025-11-09,Шаповал,Одеса,Україна,EcoFoods,Одеса,Україна,Lipton Ice Tea,Напої,11,83.5
2025-08-28,Баклан,Харків,Україна,EastMarket,Харків,Україна,Milka,Солодощі,29,74.49
2025-09-03,Ґжицький,Одеса,Україна,FreshTrade,Київ,Україна,Jacobs,Кава,2,68.15
2025-06-27,Ляшко,Київ,Україна,FreshTrade,Київ,Україна,Lipton Ice Tea,Напої,24,33.61
2025-08-14,Бабариченко,Харків,Україна,GoodSupply,Львів,Україна,Fanta,Напої,19,76.2
2025-07-15,Симоненко,Одеса,Україна,EcoFoods,Одеса,Україна,Jacobs,Кава,42,77.03
2025-09-16,Романець,Харків,Україна,FreshTrade,Київ,Україна,Fanta,Напої,14,46.19
2025-10-10,Тесля,Харків,Україна,EastMarket,Харків,Україна,Snickers,Солодощі,1,72.15
2025-09-07,Александренко,Дніпро,Україна,FreshTrade,Київ,Україна,Jacobs,Кава,21,117.68
2025-07-08,Власюк,Дніпро,Україна,FreshTrade,Київ,Україна,Nescafe,Кава,40,75.41
2025-11-15,Бездітко,Одеса,Україна,EcoFoods,Одеса,Україна,Fanta,Напої,30,28.06
2025-08-23,Даценко,Львів,Україна,EcoFoods,Одеса,Україна,Snickers,Солодощі,32,80.29
2025-10-16,Чміль,Київ,Україна,FreshTrade,Київ,Україна,Coca-Cola,Напої,49,47.85
2025-06-11,Піддубний,Львів,Україна,EcoFoods,Одеса,Україна,Mars,Солодощі,33,116.19
2025-07-04,Дейнеко,Дніпро,Україна,FreshTrade,Київ,Україна,Nescafe,Кава,20,63.74
2025-11-02,Власенко,Київ,Україна,EcoFoods,Одеса,Україна,Sprite,Напої,1,31.35
2025-11-06,Забара,Харків,Україна,EastMarket,Харків,Україна,Milka,Солодощі,2,41.9
2025-08-16,Юрченко,Львів,Україна,EastMarket,Харків,Україна,Jacobs,Кава,20,58.17
2025-09-11,Салій,Львів,Україна,GoodSupply,Львів,Україна,Lipton Ice Tea,Напої,9,14.5
2025-11-08,Базилевич,Київ,Україна,EcoFoods,Одеса,Україна,Fanta,Напої,48,66.85
2025-08-25,Гоголь,Львів,Україна,EastMarket,Харків,Україна,Snickers,Солодощі,23,45.24
2025-10-10,Пелех,Дніпро,Україна,EcoFoods,Одеса,Україна,Sprite,Напої,4,96.72
2025-10-19,Талан,Дніпро,Україна,GoodSupply,Львів,Україна,Sprite,Напої,10,103.17
2025-06-27,Акуленко,Харків,Україна,FreshTrade,Київ,Україна,Nescafe,Кава,19,97.28
2025-10-07,Павличенко,Львів,Україна,FreshTrade,Київ,Україна,Coca-Cola,Напої,36,73.98
2025-07-16,Шевченко,Київ,Україна,GoodSupply,Львів,Україна,Mars,Солодощі,36,82.64
2025-10-10,Чуприна,Дніпро,Україна,EastMarket,Харків,Україна,Nescafe,Кава,9,56.27
2025-08-03,Гунько,Київ,Україна,EastMarket,Харків,Україна,Fanta,Напої,29,44.2
2025-10-19,Байрак,Київ,Україна,FreshTrade,Київ,Україна,Fanta,Напої,9,22.28
2025-09-22,Деревʼянко,Харків,Україна,EcoFoods,Одеса,Україна,Milka,Солодощі,3,17.3
2025-10-05,Бебешко,Львів,Україна,EastMarket,Харків,Україна,Lipton Ice Tea,Напої,3,91.06
2025-08-19,Щириця,Львів,Україна,EastMarket,Харків,Україна,Fanta,Напої,13,87.07
2025-06-20,Бабенко,Київ,Україна,EcoFoods,Одеса,Україна,Nescafe,Кава,5,94.67
2025-08-21,Юрчишин,Дніпро,Україна,GoodSupply,Львів,Україна,Mars,Солодощі,15,53.37
2025-08-06,Тимчук,Харків,Україна,GoodSupply,Львів,Україна,Jacobs,Кава,48,31.64
2025-11-09,Адаменко,Дніпро,Україна,GoodSupply,Львів,Україна,Nescafe,Кава,23,68.49
2025-09-05,Вітер,Дніпро,Україна,EcoFoods,Одеса,Україна,Mars,Солодощі,43,79.43
2025-10-02,Бабʼяк,Харків,Україна,GoodSupply,Львів,Україна,Jacobs,Кава,36,90.21
2025-06-27,Кальченко,Дніпро,Україна,EcoFoods,Одеса,Україна,Mars,Солодощі,2,72.64
2025-05-27,Абрамчук,Дніпро,Україна,EastMarket,Харків,Україна,Mars,Солодощі,49,119.43
2025-07-25,Щорс,Львів,Україна,EcoFoods,Одеса,Україна,Milka,Солодощі,31,89.15
2025-09-08,Шелест,Львів,Україна,GoodSupply,Львів,Україна,Mars,Солодощі,19,59.54
2025-11-14,Шведченко,Дніпро,Україна,GoodSupply,Львів,Україна,Lipton Ice Tea,Напої,12,60.12
2025-08-30,Остапчук,Харків,Україна,FreshTrade,Київ,Україна,Snickers,Солодощі,34,105.49
2025-10-21,Яременко,Львів,Україна,GoodSupply,Львів,Україна,Nescafe,Кава,23,60.66
2025-09-10,Яремків,Одеса,Україна,FreshTrade,Київ,Україна,Sprite,Напої,17,91.75
2025-09-16,Оберемко,Одеса,Україна,GoodSupply,Львів,Україна,Milka,Солодощі,50,75.85
2025-09-17,Іваничук,Одеса,Україна,FreshTrade,Київ,Україна,Sprite,Напої,15,91.69
2025-08-02,Петлюра,Дніпро,Україна,EcoFoods,Одеса,Україна,Fanta,Напої,27,35.79
2025-09-14,Фоменко,Одеса,Україна,FreshTrade,Київ,Україна,Milka,Солодощі,19,75.78
2025-06-24,Юхименко,Дніпро,Україна,GoodSupply,Львів,Україна,Coca-Cola,Напої,46,76.45
2025-07-27,Ващенко-Захарченко,Одеса,Україна,EcoFoods,Одеса,Україна,Fanta,Напої,43,87.96
2025-07-09,Гречаник,Одеса,Україна,EcoFoods,Одеса,Україна,Jacobs,Кава,28,79.4
2025-09-25,Дутка,Львів,Україна,GoodSupply,Львів,Україна,Nescafe,Кава,26,78.8
2025-08-16,Колодуб,Львів,Україна,EcoFoods,Одеса,Україна,Mars,Солодощі,20,16.48
2025-11-12,Опанасенко,Дніпро,Україна,EcoFoods,Одеса,Україна,Milka,Солодощі,2,25.02
2025-10-24,Дейнеко,Одеса,Україна,EastMarket,Харків,Україна,Coca-Cola,Напої,25,80.25
2025-06-25,Скоробогатько,Харків,Україна,FreshTrade,Київ,Україна,Milka,Солодощі,39,30.35
2025-10-08,Данильчук,Харків,Україна,EastMarket,Харків,Україна,Snickers,Солодощі,12,93.19
2025-09-12,Жарко,Дніпро,Україна,FreshTrade,Київ,Україна,Milka,Солодощі,43,110.24
2025-05-28,Запорожець,Дніпро,Україна,GoodSupply,Львів,Україна,Fanta,Напої,6,45.03
2025-08-16,Бандурка,Харків,Україна,EcoFoods,Одеса,Україна,Nescafe,Кава,29,14.83
2025-09-20,Оберемко,Київ,Україна,GoodSupply,Львів,Україна,Fanta,Напої,26,42.35
2025-09-13,Андрієвич,Київ,Україна,FreshTrade,Київ,Україна,Sprite,Напої,36,34.96
2025-06-27,Онуфрієнко,Харків,Україна,EcoFoods,Одеса,Україна,Nescafe,Кава,13,109.34
2025-07-03,Єрченко,Дніпро,Україна,FreshTrade,Київ,Україна,Nescafe,Кава,16,56.6
2025-06-11,Ребрик,Дніпро,Україна,GoodSupply,Львів,Україна,Fanta,Напої,39,24.61
2025-08-13,Валенко,Харків,Україна,EastMarket,Харків,Україна,Nescafe,Кава,42,105.26
2025-11-12,Вернигора,Дніпро,Україна,EcoFoods,Одеса,Україна,Snickers,Солодощі,19,22.98
2025-08-22,Шеремета,Одеса,Україна,EastMarket,Харків,Україна,Jacobs,Кава,29,82.71
2025-11-11,Батуринець,Харків,Україна,EcoFoods,Одеса,Україна,Fanta,Напої,7,12.7
2025-06-30,Яремчук,Дніпро,Україна,FreshTrade,Київ,Україна,Snickers,Солодощі,39,87.29
2025-08-08,Корж,Львів,Україна,EastMarket,Харків,Україна,Snickers,Солодощі,7,102.14
2025-11-14,Теліженко,Дніпро,Україна,EcoFoods,Одеса,Україна,Snickers,Солодощі,37,59.44
2025-06-12,Демʼяненко,Дніпро,Україна,EastMarket,Харків,Україна,Snickers,Солодощі,29,25.69
2025-09-21,Андрощук,Київ,Україна,GoodSupply,Львів,Україна,Coca-Cola,Напої,19,77.04
2025-10-24,Медведенко,Дніпро,Україна,EastMarket,Харків,Україна,Jacobs,Кава,20,40.65
2025-05-30,Цушко,Одеса,Україна,FreshTrade,Київ,Україна,Milka,Солодощі,24,10.01
2025-10-18,Гук,Київ,Україна,GoodSupply,Львів,Україна,Nescafe,Кава,27,26.87
2025-06-02,Литвин,Львів,Україна,GoodSupply,Львів,Україна,Milka,Солодощі,36,37.1
2025-09-19,Затовканюк,Харків,Україна,EastMarket,Харків,Україна,Milka,Солодощі,2,49.88
2025-09-25,Примаченко,Харків,Україна,GoodSupply,Львів,Україна,Coca-Cola,Напої,17,106.31
2025-05-30,Гузенко,Дніпро,Україна,EcoFoods,Одеса,Україна,Lipton Ice Tea,Напої,45,73.33
2025-10-22,Давиденко,Дніпро,Україна,EcoFoods,Одеса,Україна,Snickers,Солодощі,21,60.04
2025-06-01,Ніколюк,Київ,Україна,FreshTrade,Київ,Україна,Milka,Солодощі,5,23.65
2025-10-28,Цушко,Одеса,Україна,EastMarket,Харків,Україна,Sprite,Напої,34,64.12
2025-09-24,Бабʼюк,Харків,Україна,FreshTrade,Київ,Україна,Sprite,Напої,37,73.47
2025-06-04,Теліженко,Київ,Україна,EastMarket,Харків,Україна,Jacobs,Кава,12,114.85
2025-05-31,Ярема,Харків,Україна,FreshTrade,Київ,Україна,Lipton Ice Tea,Напої,36,11.87
2025-09-01,Ватаманюк,Харків,Україна,FreshTrade,Київ,Україна,Sprite,Напої,33,92.43
2025-09-23,Гайда,Львів,Україна,GoodSupply,Львів,Україна,Coca-Cola,Напої,48,27.95
2025-10-25,Дробаха,Дніпро,Україна,EcoFoods,Одеса,Україна,Lipton Ice Tea,Напої,43,80.36
2025-10-14,Опанасенко,Київ,Україна,EastMarket,Харків,Україна,Mars,Солодощі,38,118.12
2025-07-13,Луценко,Харків,Україна,FreshTrade,Київ,Україна,Nescafe,Кава,46,63.75
2025-07-24,Ванченко,Київ,Україна,EcoFoods,Одеса,Україна,Snickers,Солодощі,29,62.76
2025-06-14,Влох,Львів,Україна,FreshTrade,Київ,Україна,Milka,Солодощі,22,37.82
2025-11-15,Щириця,Київ,Україна,EcoFoods,Одеса,Україна,Milka,Солодощі,35,52.0
2025-07-02,Гунько,Одеса,Україна,EastMarket,Харків,Україна,Jacobs,Кава,27,21.89
2025-09-03,Кабаненко,Харків,Україна,EcoFoods,Одеса,Україна,Jacobs,Кава,35,34.9
2025-10-22,Дубас,Одеса,Україна,EastMarket,Харків,Україна,Sprite,Напої,35,100.76
2025-10-03,Гавриленко,Львів,Україна,FreshTrade,Київ,Україна,Milka,Солодощі,42,69.08
2025-07-19,Єресько,Дніпро,Україна,EastMarket,Харків,Україна,Lipton Ice Tea,Напої,32,87.33
2025-09-17,Данилюк,Харків,Україна,FreshTrade,Київ,Україна,Milka,Солодощі,35,78.83
2025-08-10,Баран,Харків,Україна,EastMarket,Харків,Україна,Nescafe,Кава,37,79.86
2025-05-28,Андрусенко,Київ,Україна,EcoFoods,Одеса,Україна,Coca-Cola,Напої,3,17.02
2025-07-11,Бабко,Одеса,Україна,EastMarket,Харків,Україна,Mars,Солодощі,20,83.81
2025-09-12,Колесниченко,Київ,Україна,EastMarket,Харків,Україна,Coca-Cola,Напої,23,104.91
2025-09-06,Юрчук,Дніпро,Україна,GoodSupply,Львів,Україна,Mars,Солодощі,32,37.22
2025-07-27,Зінкевич,Харків,Україна,EcoFoods,Одеса,Україна,Milka,Солодощі,50,83.57
2025-10-02,Жадан,Харків,Україна,EastMarket,Харків,Україна,Jacobs,Кава,17,11.56
2025-09-16,Товстоліс,Одеса,Україна,FreshTrade,Київ,Україна,Coca-Cola,Напої,13,110.26
2025-11-01,Цушко,Одеса,Україна,GoodSupply,Львів,Україна,Lipton Ice Tea,Напої,21,61.15
2025-06-05,Чередник,Дніпро,Україна,FreshTrade,Київ,Україна,Sprite,Напої,18,87.19
2025-09-20,Бебешко,Львів,Україна,EastMarket,Харків,Україна,Snickers,Солодощі,36,101.39
2025-11-05,Єщенко,Київ,Україна,FreshTrade,Київ,Україна,Nescafe,Кава,17,118.09
2025-08-20,Ільєнко,Одеса,Україна,EcoFoods,Одеса,Україна,Coca-Cola,Напої,9,96.8
2025-08-24,Гайворонський,Дніпро,Україна,GoodSupply,Львів,Україна,Mars,Солодощі,28,22.62
2025-07-16,Оробець,Одеса,Україна,EastMarket,Харків,Україна,Lipton Ice Tea,Напої,27,57.11
2025-06-08,Абрагамовський,Харків,Україна,EastMarket,Харків,Україна,Milka,Солодощі,45,110.54
2025-11-06,Байда,Харків,Україна,GoodSupply,Львів,Україна,Snickers,Солодощі,35,20.39
2025-11-02,Овсієнко,Харків,Україна,FreshTrade,Київ,Україна,Jacobs,Кава,46,35.83
2025-07-03,Малишко,Харків,Україна,EastMarket,Харків,Україна,Coca-Cola,Напої,32,57.57
2025-06-03,Данькевич,Харків,Україна,EastMarket,Харків,Україна,Jacobs,Кава,13,58.74
2025-07-19,Іваничук,Одеса,Україна,FreshTrade,Київ,Україна,Coca-Cola,Напої,11,27.13
2025-06-13,Лубенець,Харків,Україна,EastMarket,Харків,Україна,Fanta,Напої,15,68.44
2025-08-19,Дацюк,Київ,Україна,EcoFoods,Одеса,Україна,Mars,Солодощі,8,103.68
2025-06-05,Чубай,Львів,Україна,EastMarket,Харків,Україна,Sprite,Напої,2,73.66
2025-08-06,Ватаманюк,Дніпро,Україна,FreshTrade,Київ,Україна,Nescafe,Кава,19,39.67
2025-10-15,Єрьоменко,Харків,Україна,FreshTrade,Київ,Україна,Fanta,Напої,11,84.86
2025-11-11,Франчук,Київ,Україна,GoodSupply,Львів,Україна,Lipton Ice Tea,Напої,5,58.54
2025-07-08,Шеремета,Одеса,Україна,GoodSupply,Львів,Україна,Snickers,Солодощі,14,68.58
2025-06-21,Ткаченко,Київ,Україна,GoodSupply,Львів,Україна,Mars,Солодощі,33,56.48
2025-08-16,Вахній,Львів,Україна,GoodSupply,Львів,Україна,Lipton Ice Tea,Напої,30,36.17
2025-09-16,Бабенко,Львів,Україна,FreshTrade,Київ,Україна,Milka,Солодощі,14,19.59
2025-07-04,Карась,Львів,Україна,EcoFoods,Одеса,Україна,Coca-Cola,Напої,30,31.07
2025-07-26,Бабенко,Дніпро,Україна,EcoFoods,Одеса,Україна,Lipton Ice Tea,Напої,46,75.78
2025-05-30,Михайлюк,Дніпро,Україна,EcoFoods,Одеса,Україна,Fanta,Напої,49,40.92
2025-10-15,Іващенко,Одеса,Україна,GoodSupply,Львів,Україна,Nescafe,Кава,50,61.95
2025-08-09,Ґоляш,Одеса,Україна,FreshTrade,Київ,Україна,Snickers,Солодощі,5,55.36
2025-10-08,Скирда,Одеса,Україна,EastMarket,Харків,Україна,Jacobs,Кава,38,53.48
2025-08-17,Бабко,Одеса,Україна,EastMarket,Харків,Україна,Sprite,Напої,23,27.9
2025-06-06,Джус,Одеса,Україна,EcoFoods,Одеса,Україна,Lipton Ice Tea,Напої,3,20.79
2025-08-10,Нестеренко,Львів,Україна,EastMarket,Харків,Україна,Sprite,Напої,14,10.01
2025-09-16,Прокопович,Харків,Україна,EastMarket,Харків,Україна,Nescafe,Кава,48,32.45
2025-07-25,Черінько,Київ,Україна,EcoFoods,Одеса,Україна,Fanta,Напої,47,111.48
2025-10-28,Данченко,Київ,Україна,FreshTrade,Київ,Україна,Jacobs,Кава,16,24.42
2025-09-08,Вакуленко,Харків,Україна,EcoFoods,Одеса,Україна,Sprite,Напої,47,17.41
2025-08-29,Корбут,Київ,Україна,FreshTrade,Київ,Україна,Jacobs,Кава,8,105.0
2025-07-19,Бараник,Одеса,Україна,EastMarket,Харків,Україна,Snickers,Солодощі,32,49.69
2025-09-16,Демиденко,Львів,Україна,EcoFoods,Одеса,Україна,Coca-Cola,Напої,50,40.78
2025-06-23,Макогон,Харків,Україна,EastMarket,Харків,Україна,Snickers,Солодощі,9,103.26
2025-10-09,Зінчук,Київ,Україна,GoodSupply,Львів,Україна,Milka,Солодощі,17,112.35
2025-11-09,Наливайко,Одеса,Україна,EastMarket,Харків,Україна,Snickers,Солодощі,45,109.1
2025-11-01,Фурс,Одеса,Україна,FreshTrade,Київ,Україна,Nescafe,Кава,14,53.36
2025-08-12,Скиба,Львів,Україна,EcoFoods,Одеса,Україна,Nescafe,Кава,18,103.78
2025-08-29,Ґерета,Одеса,Україна,EastMarket,Харків,Україна,Jacobs,Кава,47,99.48
2025-07-10,Сиротенко,Харків,Україна,EastMarket,Харків,Україна,Lipton Ice Tea,Напої,19,96.55
2025-06-10,Арсенич,Київ,Україна,EcoFoods,Одеса,Україна,Milka,Солодощі,32,119.02
2025-09-11,Носаченко,Київ,Україна,FreshTrade,Київ,Україна,Nescafe,Кава,8,47.7
2025-07-22,Палій,Харків,Україна,GoodSupply,Львів,Україна,Coca-Cola,Напої,38,33.67
2025-09-25,Заруба,Одеса,Україна,EcoFoods,Одеса,Україна,Sprite,Напої,11,100.12
2025-08-14,Гайдабура,Львів,Україна,FreshTrade,Київ,Україна,Snickers,Солодощі,27,21.05
2025-08-04,Лагода,Київ,Україна,FreshTrade,Київ,Україна,Fanta,Напої,26,47.91
2025-06-03,Гаєвський,Київ,Україна,EastMarket,Харків,Україна,Nescafe,Кава,36,109.84
2025-08-11,Дзюба,Дніпро,Україна,GoodSupply,Львів,Україна,Jacobs,Кава,43,20.74
2025-10-27,Шаблій,Одеса,Україна,EcoFoods,Одеса,Україна,Coca-Cola,Напої,32,104.07
2025-07-21,Онищенко,Львів,Україна,EastMarket,Харків,Україна,Sprite,Напої,39,74.84
2025-05-27,Пушкар,Харків,Україна,EcoFoods,Одеса,Україна,Nescafe,Кава,37,97.76
2025-07-06,Гунько,Львів,Україна,EcoFoods,Одеса,Україна,Milka,Солодощі,39,43.71
2025-07-08,Вишиваний,Харків,Україна,GoodSupply,Львів,Україна,Lipton Ice Tea,Напої,31,77.75
2025-05-27,Іванченко,Львів,Україна,FreshTrade,Київ,Україна,Sprite,Напої,33,89.18
2025-11-13,Скирда,Харків,Україна,FreshTrade,Київ,Україна,Milka,Солодощі,3,87.8
2025-10-15,Бакуменко,Київ,Україна,EastMarket,Харків,Україна,Nescafe,Кава,36,64.52
2025-10-26,Воблий,Харків,Україна,GoodSupply,Львів,Україна,Milka,Солодощі,25,117.38
2025-10-03,Власюк,Київ,Україна,EastMarket,Харків,Україна,Snickers,Солодощі,29,31.83
2025-07-22,Удовенко,Львів,Україна,GoodSupply,Львів,Україна,Sprite,Напої,28,89.55
2025-08-01,Дзиндра,Львів,Україна,FreshTrade,Київ,Україна,Nescafe,Кава,27,26.99
2025-07-24,Цимбалюк,Львів,Україна,FreshTrade,Київ,Україна,Jacobs,Кава,29,63.23
2025-09-16,Саченко,Львів,Україна,FreshTrade,Київ,Україна,Nescafe,Кава,42,102.11
2025-10-23,Мазур,Львів,Україна,EcoFoods,Одеса,Україна,Lipton Ice Tea,Напої,6,88.11
2025-11-07,Гузь,Дніпро,Україна,EcoFoods,Одеса,Україна,Nescafe,Кава,46,85.38
2025-09-24,Їжак,Київ,Україна,EastMarket,Харків,Україна,Mars,Солодощі,34,69.78
2025-09-21,Петренко,Харків,Україна,EcoFoods,Одеса,Україна,Jacobs,Кава,17,91.65
2025-10-08,Бабич,Харків,Україна,EastMarket,Харків,Україна,Snickers,Солодощі,36,108.91
2025-08-27,Баклан,Київ,Україна,GoodSupply,Львів,Україна,Coca-Cola,Напої,37,117.29
2025-06-16,Величко,Дніпро,Україна,EcoFoods,Одеса,Україна,Mars,Солодощі,6,56.89
2025-11-12,Авдєєнко,Львів,Україна,GoodSupply,Львів,Україна,Fanta,Напої,14,95.1
2025-08-07,Мазур,Одеса,Україна,FreshTrade,Київ,Україна,Mars,Солодощі,46,39.8
2025-11-19,Гавриш,Львів,Україна,EcoFoods,Одеса,Україна,Nescafe,Кава,18,17.3
2025-06-12,Тригуб,Львів,Україна,FreshTrade,Київ,Україна,Sprite,Напої,17,82.0
2025-07-12,Симоненко,Одеса,Україна,FreshTrade,Київ,Україна,Fanta,Напої,28,81.28
2025-06-24,Журба,Одеса,Україна,EcoFoods,Одеса,Україна,Lipton Ice Tea,Напої,5,58.85
2025-09-23,Абрагамовський,Київ,Україна,EastMarket,Харків,Україна,Fanta,Напої,13,48.45
2025-09-22,Терещенко,Київ,Україна,GoodSupply,Львів,Україна,Sprite,Напої,22,14.19
2025-06-28,Чумак,Львів,Україна,GoodSupply,Львів,Україна,Lipton Ice Tea,Напої,36,53.51
2025-07-14,Шелест,Харків,Україна,EastMarket,Харків,Україна,Nescafe,Кава,18,100.37
2025-09-30,Ляшко,Харків,Україна,GoodSupply,Львів,Україна,Mars,Солодощі,24,72.4
2025-10-26,Щербань,Львів,Україна,FreshTrade,Київ,Україна,Snickers,Солодощі,4,92.46
2025-09-27,Архипенко,Харків,Україна,EcoFoods,Одеса,Україна,Nescafe,Кава,11,92.39
2025-10-01,Рябовіл,Харків,Україна,EcoFoods,Одеса,Україна,Sprite,Напої,5,35.02
2025-10-05,Чміль,Харків,Україна,EastMarket,Харків,Україна,Fanta,Напої,49,79.88
2025-06-20,Ґалаґан,Дніпро,Україна,FreshTrade,Київ,Україна,Nescafe,Кава,25,93.67
2025-08-15,Вахній,Львів,Україна,EastMarket,Харків,Україна,Coca-Cola,Напої,31,35.1
2025-09-28,Христенко,Дніпро,Україна,EcoFoods,Одеса,Україна,Jacobs,Кава,34,108.17
2025-07-15,Тригуб,Одеса,Україна,GoodSupply,Львів,Україна,Jacobs,Кава,50,116.17
2025-09-30,Туркало,Київ,Україна,GoodSupply,Львів,Україна,Mars,Солодощі,23,11.45
2025-08-14,Чумаченко,Київ,Україна,GoodSupply,Львів,Україна,Lipton Ice Tea,Напої,6,15.63
2025-11-04,Чаленко,Харків,Україна,EcoFoods,Одеса,Україна,Coca-Cola,Напої,47,33.78
2025-09-15,Пʼятаченко,Київ,Україна,FreshTrade,Київ,Україна,Jacobs,Кава,32,24.36
2025-09-29,Яремко,Львів,Україна,FreshTrade,Київ,Україна,Sprite,Напої,23,17.65
2025-05-27,Бакуменко,Одеса,Україна,GoodSupply,Львів,Україна,Snickers,Солодощі,13,35.82
2025-08-08,Ющенко,Львів,Україна,FreshTrade,Київ,Україна,Coca-Cola,Напої,12,117.07
2025-06-16,Палій,Одеса,Україна,EcoFoods,Одеса,Україна,Snickers,Солодощі,46,80.58
2025-11-17,Саченко,Львів,Україна,EcoFoods,Одеса,Україна,Mars,Солодощі,35,42.01
2025-11-11,Чайка,Львів,Україна,GoodSupply,Львів,Україна,Mars,Солодощі,6,107.12
2025-10-03,Іваничук,Одеса,Україна,FreshTrade,Київ,Україна,Jacobs,Кава,46,72.73
2025-05-29,Терещенко,Львів,Україна,EcoFoods,Одеса,Україна,Fanta,Напої,36,81.6
2025-10-08,Шелест,Одеса,Україна,EastMarket,Харків,Україна,Nescafe,Кава,7,40.47
2025-10-02,Єрмоленко,Київ,Україна,EastMarket,Харків,Україна,Milka,Солодощі,48,85.85
2025-10-09,Андрієнко,Харків,Україна,GoodSupply,Львів,Україна,Coca-Cola,Напої,49,64.38
2025-07-14,Акименко,Харків,Україна,EcoFoods,Одеса,Україна,Nescafe,Кава,24,113.58
2025-06-23,Черненко,Харків,Україна,FreshTrade,Київ,Україна,Sprite,Напої,24,35.42
2025-08-10,Артимишин,Львів,Україна,GoodSupply,Львів,Україна,Snickers,Солодощі,35,111.61
2025-11-02,Вертипорох,Київ,Україна,EastMarket,Харків,Україна,Mars,Солодощі,4,12.11
2025-09-15,Михалюк,Львів,Україна,FreshTrade,Київ,Україна,Fanta,Напої,7,98.45
2025-08-21,Батіг,Київ,Україна,EcoFoods,Одеса,Україна,Fanta,Напої,1,109.72
2025-09-09,Філіпенко,Київ,Україна,EastMarket,Харків,Україна,Coca-Cola,Напої,21,105.77
2025-07-03,Єресько,Київ,Україна,GoodSupply,Львів,Україна,Jacobs,Кава,7,32.41
2025-08-04,Конопля,Харків,Україна,GoodSupply,Львів,Україна,Snickers,Солодощі,49,103.22
2025-05-30,Вдовиченко,Львів,Україна,FreshTrade,Київ,Україна,Sprite,Напої,20,13.0
2025-11-05,Забара,Дніпро,Україна,EastMarket,Харків,Україна,Milka,Солодощі,46,30.89
2025-10-03,Дубенко,Харків,Україна,EcoFoods,Одеса,Україна,Coca-Cola,Напої,24,12.88
2025-11-14,Забашта,Львів,Україна,EastMarket,Харків,Україна,Mars,Солодощі,31,27.09
2025-10-19,Бевз,Київ,Україна,EcoFoods,Одеса,Україна,Nescafe,Кава,43,14.75
2025-11-03,Воблий,Львів,Україна,GoodSupply,Львів,Україна,Lipton Ice Tea,Напої,41,55.57
2025-06-19,Гузь,Харків,Україна,GoodSupply,Львів,Україна,Nescafe,Кава,22,104.74
2025-06-15,Ванченко,Київ,Україна,EcoFoods,Одеса,Україна,Mars,Солодощі,39,73.4
2025-08-22,Перебийніс,Одеса,Україна,FreshTrade,Київ,Україна,Nescafe,Кава,17,111.86
2025-10-27,Онуфрієнко,Дніпро,Україна,EastMarket,Харків,Україна,Nescafe,Кава,11,61.74
2025-06-04,Сагаль,Київ,Україна,EastMarket,Харків,Україна,Fanta,Напої,1,80.23
2025-07-06,Колісниченко,Дніпро,Україна,EastMarket,Харків,Україна,Nescafe,Кава,44,44.58
2025-10-17,Товстуха,Одеса,Україна,FreshTrade,Київ,Україна,Mars,Солодощі,22,107.35
2025-10-15,Романець,Одеса,Україна,EastMarket,Харків,Україна,Lipton Ice Tea,Напої,14,34.05
2025-07-06,Алексеєнко,Київ,Україна,FreshTrade,Київ,Україна,Sprite,Напої,34,29.62
2025-11-10,Яремчук,Дніпро,Україна,EcoFoods,Одеса,Україна,Fanta,Напої,21,64.48
2025-07-17,Зінченко,Львів,Україна,EcoFoods,Одеса,Україна,Sprite,Напої,46,28.47
2025-10-25,Редько,Дніпро,Україна,FreshTrade,Київ,Україна,Coca-Cola,Напої,45,93.49
2025-09-26,Цюцюра,Київ,Україна,EastMarket,Харків,Україна,Milka,Солодощі,37,79.55
2025-05-24,Гриценко,Харків,Україна,GoodSupply,Львів,Україна,Coca-Cola,Напої,31,83.91
2025-09-03,Швачко,Харків,Україна,EcoFoods,Одеса,Україна,Coca-Cola,Напої,4,48.47
2025-06-14,Лагода,Київ,Україна,EcoFoods,Одеса,Україна,Mars,Солодощі,22,54.76
2025-06-21,Скопенко,Дніпро,Україна,EastMarket,Харків,Україна,Nescafe,Кава,22,73.37
2025-07-02,Гузь,Львів,Україна,EastMarket,Харків,Україна,Mars,Солодощі,13,94.63
2025-06-10,Остапчук,Одеса,Україна,EastMarket,Харків,Україна,Sprite,Напої,30,83.59
2025-09-22,Шиян,Одеса,Україна,EcoFoods,Одеса,Україна,Milka,Солодощі,19,109.71
2025-07-26,Колісниченко,Львів,Україна,FreshTrade,Київ,Україна,Fanta,Напої,50,116.8
2025-09-27,Бакуменко,Харків,Україна,EastMarket,Харків,Україна,Milka,Солодощі,23,119.64
2025-08-23,Пустовіт,Київ,Україна,FreshTrade,Київ,Україна,Lipton Ice Tea,Напої,38,94.65
2025-08-30,Проценко,Одеса,Україна,EcoFoods,Одеса,Україна,Snickers,Солодощі,13,83.57
2025-10-20,Сомко,Львів,Україна,GoodSupply,Львів,Україна,Nescafe,Кава,22,72.26
2025-07-16,Дробаха,Харків,Україна,EastMarket,Харків,Україна,Snickers,Солодощі,32,86.63
2025-09-17,Корбут,Дніпро,Україна,EcoFoods,Одеса,Україна,Fanta,Напої,10,34.83
2025-08-26,Кармалюк,Одеса,Україна,FreshTrade,Київ,Україна,Milka,Солодощі,25,104.7
2025-08-09,Іванченко,Львів,Україна,FreshTrade,Київ,Україна,Coca-Cola,Напої,3,70.99
2025-08-22,Сагаль,Дніпро,Україна,EastMarket,Харків,Україна,Fanta,Напої,24,13.08
2025-10-02,Авраменко,Київ,Україна,EastMarket,Харків,Україна,Coca-Cola,Напої,22,37.55
2025-07-28,Бабак,Львів,Україна,FreshTrade,Київ,Україна,Coca-Cola,Напої,32,11.88
2025-10-17,Демʼянчук,Одеса,Україна,GoodSupply,Львів,Україна,Sprite,Напої,5,115.4
2025-09-18,Гречко,Дніпро,Україна,EcoFoods,Одеса,Україна,Fanta,Напої,18,25.54
2025-08-28,Савенко,Дніпро,Україна,FreshTrade,Київ,Україна,Nescafe,Кава,47,87.97
2025-07-02,Шведченко,Дніпро,Україна,EastMarket,Харків,Україна,Nescafe,Кава,47,88.07
2025-10-18,Гайдабура,Львів,Україна,FreshTrade,Київ,Україна,Sprite,Напої,33,84.54
2025-11-05,Дейнека,Київ,Україна,EastMarket,Харків,Україна,Sprite,Напої,22,86.57
2025-10-06,Перебийніс,Одеса,Україна,GoodSupply,Львів,Україна,Milka,Солодощі,21,75.57
2025-07-22,Безбородько,Львів,Україна,EastMarket,Харків,Україна,Mars,Солодощі,35,110.63
2025-11-18,Мірошниченко,Харків,Україна,FreshTrade,Київ,Україна,Milka,Солодощі,36,70.68
2025-08-11,Зубко,Дніпро,Україна,EcoFoods,Одеса,Україна,Mars,Солодощі,9,76.93
2025-06-19,Хомик,Львів,Україна,EcoFoods,Одеса,Україна,Nescafe,Кава,25,43.85
2025-09-20,Овсієнко,Львів,Україна,EcoFoods,Одеса,Україна,Milka,Солодощі,1,97.75
2025-10-19,Вакарчук,Харків,Україна,FreshTrade,Київ,Україна,Nescafe,Кава,24,58.54
2025-09-12,Данченко,Харків,Україна,EastMarket,Харків,Україна,Coca-Cola,Напої,33,22.67
2025-11-06,Артимович,Київ,Україна,FreshTrade,Київ,Україна,Mars,Солодощі,30,95.62
2025-10-24,Ляшко,Харків,Україна,EcoFoods,Одеса,Україна,Mars,Солодощі,38,111.68
2025-08-14,Гайденко,Одеса,Україна,GoodSupply,Львів,Україна,Lipton Ice Tea,Напої,1,31.16
2025-06-09,Семенченко,Київ,Україна,GoodSupply,Львів,Україна,Mars,Солодощі,9,117.87
2025-09-28,Свириденко,Одеса,Україна,EastMarket,Харків,Україна,Mars,Солодощі,34,21.28
2025-10-23,Чумак,Харків,Україна,EcoFoods,Одеса,Україна,Fanta,Напої,16,84.63
2025-06-28,Воблий,Дніпро,Україна,GoodSupply,Львів,Україна,Nescafe,Кава,45,33.18
2025-08-24,Вдовиченко,Дніпро,Україна,EastMarket,Харків,Україна,Mars,Солодощі,33,11.26
2025-09-14,Дрозд,Дніпро,Україна,EcoFoods,Одеса,Україна,Milka,Солодощі,35,40.28
2025-11-17,Ковпак,Київ,Україна,EastMarket,Харків,Україна,Fanta,Напої,20,88.86
2025-08-03,Цісик,Дніпро,Україна,EastMarket,Харків,Україна,Lipton Ice Tea,Напої,32,49.62
2025-11-15,Ванченко,Київ,Україна,GoodSupply,Львів,Україна,Lipton Ice Tea,Напої,49,118.98
2025-06-20,Габелко,Київ,Україна,EastMarket,Харків,Україна,Nescafe,Кава,34,63.93
2025-05-29,Лисенко,Одеса,Україна,GoodSupply,Львів,Україна,Coca-Cola,Напої,30,113.08
2025-06-28,Овчаренко,Київ,Україна,EcoFoods,Одеса,Україна,Snickers,Солодощі,11,85.6
2025-10-24,Баран,Дніпро,Україна,EcoFoods,Одеса,Україна,Jacobs,Кава,50,60.76
2025-10-06,Симоненко,Дніпро,Україна,EastMarket,Харків,Україна,Sprite,Напої,21,76.68
2025-09-01,Приходько,Київ,Україна,EastMarket,Харків,Україна,Lipton Ice Tea,Напої,21,24.98
2025-11-06,Гавриленко,Київ,Україна,EastMarket,Харків,Україна,Mars,Солодощі,16,78.3
2025-07-09,Жайворон,Дніпро,Україна,EastMarket,Харків,Україна,Fanta,Напої,23,77.6
2025-10-17,Гриценко,Дніпро,Україна,EcoFoods,Одеса,Україна,Coca-Cola,Напої,38,78.54
2025-05-27,Оробець,Харків,Україна,FreshTrade,Київ,Україна,Coca-Cola,Напої,26,65.66
2025-11-19,Шамрай,Одеса,Україна,GoodSupply,Львів,Україна,Lipton Ice Tea,Напої,6,42.91
2025-08-14,Джунь,Київ,Україна,FreshTrade,Київ,Україна,Milka,Солодощі,30,25.3
2025-06-26,Цюпа,Київ,Україна,EcoFoods,Одеса,Україна,Mars,Солодощі,39,35.61
2025-07-08,Базилевич,Харків,Україна,GoodSupply,Львів,Україна,Mars,Солодощі,41,32.33
2025-11-13,Баранник,Київ,Україна,FreshTrade,Київ,Україна,Lipton Ice Tea,Напої,29,89.61
2025-07-20,Щорс,Дніпро,Україна,EastMarket,Харків,Україна,Mars,Солодощі,22,91.44
2025-06-03,Ванченко,Харків,Україна,EastMarket,Харків,Україна,Fanta,Напої,37,112.5
2025-09-05,Штепа,Одеса,Україна,EcoFoods,Одеса,Україна,Sprite,Напої,11,33.22
2025-07-07,Сомко,Одеса,Україна,FreshTrade,Київ,Україна,Sprite,Напої,16,87.61
2025-05-29,Батюк,Дніпро,Україна,GoodSupply,Львів,Україна,Nescafe,Кава,48,86.83
2025-09-02,Макогон,Львів,Україна,EcoFoods,Одеса,Україна,Sprite,Напої,49,47.4
2025-07-13,Деревʼянко,Львів,Україна,GoodSupply,Львів,Україна,Coca-Cola,Напої,49,28.84
2025-08-13,Лисенко,Київ,Україна,EastMarket,Харків,Україна,Snickers,Солодощі,21,16.26
2025-08-21,Ярош,Одеса,Україна,EcoFoods,Одеса,Україна,Sprite,Напої,48,32.3
2025-06-03,Гресь,Харків,Україна,GoodSupply,Львів,Україна,Snickers,Солодощі,36,107.93
2025-07-18,Євдокименко,Дніпро,Україна,EcoFoods,Одеса,Україна,Nescafe,Кава,36,94.3
2025-07-03,Приймак,Дніпро,Україна,GoodSupply,Львів,Україна,Nescafe,Кава,39,99.78
2025-06-09,Стус,Львів,Україна,EcoFoods,Одеса,Україна,Coca-Cola,Напої,35,52.12
2025-07-27,Гайдай,Львів,Україна,GoodSupply,Львів,Україна,Lipton Ice Tea,Напої,18,74.37
2025-08-07,Карась,Київ,Україна,FreshTrade,Київ,Україна,Nescafe,Кава,10,116.28
2025-09-02,Цушко,Харків,Україна,EcoFoods,Одеса,Україна,Snickers,Солодощі,37,113.72
2025-09-05,Теличенко,Одеса,Україна,FreshTrade,Київ,Україна,Coca-Cola,Напої,32,70.67
2025-07-31,Вовк,Київ,Україна,FreshTrade,Київ,Україна,Milka,Солодощі,44,105.58
2025-07-19,Гаврилишин,Харків,Україна,FreshTrade,Київ,Україна,Mars,Солодощі,34,59.01
2025-11-03,Адамчук,Харків,Україна,FreshTrade,Київ,Україна,Fanta,Напої,49,71.34
2025-11-15,Короленко,Київ,Україна,EastMarket,Харків,Україна,Coca-Cola,Напої,48,79.01
2025-06-29,Корбут,Харків,Україна,FreshTrade,Київ,Україна,Sprite,Напої,42,14.81
2025-07-30,Фастенко,Дніпро,Україна,EcoFoods,Одеса,Україна,Milka,Солодощі,5,75.87
2025-07-20,Базавлученко,Львів,Україна,EcoFoods,Одеса,Україна,Nescafe,Кава,46,109.24
2025-07-03,Франко,Харків,Україна,EcoFoods,Одеса,Україна,Nescafe,Кава,42,101.9
2025-10-24,Голик,Харків,Україна,GoodSupply,Львів,Україна,Milka,Солодощі,19,75.28
2025-06-09,Носаченко,Львів,Україна,EastMarket,Харків,Україна,Lipton Ice Tea,Напої,34,102.18
2025-09-07,Баранець,Дніпро,Україна,EcoFoods,Одеса,Україна,Nescafe,Кава,27,105.26
2025-09-08,Бездітко,Київ,Україна,EastMarket,Харків,Україна,Fanta,Напої,21,112.87
2025-06-27,Вакуленко,Харків,Україна,EastMarket,Харків,Україна,Snickers,Солодощі,29,50.51
2025-07-10,Андрусенко,Харків,Україна,GoodSupply,Львів,Україна,Milka,Солодощі,38,22.98
2025-09-24,Тесля,Київ,Україна,EastMarket,Харків,Україна,Nescafe,Кава,49,15.63
2025-07-18,Хорішко,Дніпро,Україна,EastMarket,Харків,Україна,Milka,Солодощі,48,87.05
2025-10-08,Байда,Львів,Україна,GoodSupply,Львів,Україна,Milka,Солодощі,46,111.21
2025-05-26,Колісниченко,Львів,Україна,EcoFoods,Одеса,Україна,Snickers,Солодощі,18,15.35
2025-10-21,Безбородьки,Харків,Україна,GoodSupply,Львів,Україна,Snickers,Солодощі,19,93.13
2025-09-22,Ребрик,Київ,Україна,EcoFoods,Одеса,Україна,Coca-Cola,Напої,42,116.01
2025-06-05,Шиян,Одеса,Україна,FreshTrade,Київ,Україна,Mars,Солодощі,22,92.79
2025-10-29,Андрейко,Львів,Україна,FreshTrade,Київ,Україна,Fanta,Напої,25,116.02
2025-11-09,Годунок,Дніпро,Україна,FreshTrade,Київ,Україна,Lipton Ice Tea,Напої,20,47.56
2025-09-30,Іваненко,Київ,Україна,EcoFoods,Одеса,Україна,Fanta,Напої,38,48.99
2025-10-30,Вітрук,Київ,Україна,FreshTrade,Київ,Україна,Nescafe,Кава,42,83.16
2025-09-18,Харченко,Львів,Україна,FreshTrade,Київ,Україна,Snickers,Солодощі,47,68.76
2025-08-22,Ющенко,Дніпро,Україна,EastMarket,Харків,Україна,Milka,Солодощі,31,54.62
2025-07-18,Скоробогатько,Харків,Україна,EcoFoods,Одеса,Україна,Nescafe,Кава,37,90.98
2025-06-11,Ґерус,Львів,Україна,GoodSupply,Львів,Україна,Jacobs,Кава,27,11.73
2025-09-14,Філіпенко,Київ,Україна,EcoFoods,Одеса,Україна,Mars,Солодощі,46,57.83
2025-08-23,Павлик,Дніпро,Україна,EcoFoods,Одеса,Україна,Jacobs,Кава,1,101.32
2025-08-17,Негода,Київ,Україна,EcoFoods,Одеса,Україна,Jacobs,Кава,19,107.38
2025-07-07,Копитко,Київ,Україна,GoodSupply,Львів,Україна,Snickers,Солодощі,12,12.77
2025-10-16,Колодуб,Одеса,Україна,EcoFoods,Одеса,Україна,Lipton Ice Tea,Напої,34,72.99
2025-11-10,Стець,Дніпро,Україна,GoodSupply,Львів,Україна,Nescafe,Кава,34,108.24
2025-06-19,Корбут,Харків,Україна,GoodSupply,Львів,Україна,Mars,Солодощі,19,78.56
2025-08-06,Верменич,Львів,Україна,FreshTrade,Київ,Україна,Lipton Ice Tea,Напої,16,29.76
2025-08-03,Свириденко,Одеса,Україна,EastMarket,Харків,Україна,Snickers,Солодощі,16,84.53
2025-11-13,Наливайко,Дніпро,Україна,EcoFoods,Одеса,Україна,Mars,Солодощі,25,53.59
2025-10-24,Нестеренко,Одеса,Україна,GoodSupply,Львів,Україна,Mars,Солодощі,50,62.4
2025-06-20,Салій,Одеса,Україна,GoodSupply,Львів,Україна,Milka,Солодощі,15,36.28
2025-10-13,Вишняк,Львів,Україна,FreshTrade,Київ,Україна,Jacobs,Кава,5,52.62
2025-06-15,Ващук,Львів,Україна,EastMarket,Харків,Україна,Jacobs,Кава,16,29.26
2025-08-26,Жарко,Дніпро,Україна,EcoFoods,Одеса,Україна,Mars,Солодощі,38,39.94
2025-05-24,Тесленко,Львів,Україна,GoodSupply,Львів,Україна,Lipton Ice Tea,Напої,44,32.7
2025-08-07,Тимчук,Одеса,Україна,EcoFoods,Одеса,Україна,Sprite,Напої,34,49.59
2025-07-20,Рябець,Одеса,Україна,FreshTrade,Київ,Україна,Milka,Солодощі,15,113.88
2025-08-26,Христенко,Київ,Україна,EastMarket,Харків,Україна,Mars,Солодощі,3,40.83
2025-08-09,Гайдабура,Одеса,Україна,EcoFoods,Одеса,Україна,Coca-Cola,Напої,42,39.86
2025-06-19,Лемешко,Харків,Україна,GoodSupply,Львів,Україна,Nescafe,Кава,35,26.65
2025-11-19,Тесля,Харків,Україна,FreshTrade,Київ,Україна,Nescafe,Кава,34,11.42
2025-08-26,Кириленко,Київ,Україна,EcoFoods,Одеса,Україна,Nescafe,Кава,10,80.24
2025-07-01,Годунок,Одеса,Україна,GoodSupply,Львів,Україна,Lipton Ice Tea,Напої,4,71.39
2025-09-23,Тимченко,Одеса,Україна,FreshTrade,Київ,Україна,Lipton Ice Tea,Напої,4,79.65
2025-09-22,Шинкаренко,Одеса,Україна,FreshTrade,Київ,Україна,Fanta,Напої,40,83.94
2025-06-22,Жук,Київ,Україна,FreshTrade,Київ,Україна,Sprite,Напої,8,98.9
2025-06-27,Щорс,Одеса,Україна,FreshTrade,Київ,Україна,Fanta,Напої,20,60.77
2025-07-20,Супруненко,Дніпро,Україна,EcoFoods,Одеса,Україна,Fanta,Напої,42,62.23
2025-11-08,Власюк,Одеса,Україна,EcoFoods,Одеса,Україна,Milka,Солодощі,44,74.04
2025-08-21,Михайличенко,Одеса,Україна,FreshTrade,Київ,Україна,Milka,Солодощі,49,111.37
2025-06-26,Чуйко,Київ,Україна,FreshTrade,Київ,Україна,Coca-Cola,Напої,7,63.09
2025-11-19,Пустовіт,Львів,Україна,FreshTrade,Київ,Україна,Mars,Солодощі,30,40.92
2025-07-12,Копитко,Дніпро,Україна,FreshTrade,Київ,Україна,Milka,Солодощі,27,23.37
2025-09-06,Безбородьки,Дніпро,Україна,GoodSupply,Львів,Україна,Milka,Солодощі,9,51.0
2025-07-02,Базилевський,Львів,Україна,GoodSupply,Львів,Україна,Jacobs,Кава,8,107.23
2025-08-16,Бандера,Київ,Україна,FreshTrade,Київ,Україна,Jacobs,Кава,50,63.08
2025-06-20,Дрозденко,Одеса,Україна,EastMarket,Харків,Україна,Fanta,Напої,15,33.48
2025-09-20,Базилевський,Дніпро,Україна,EastMarket,Харків,Україна,Lipton Ice Tea,Напої,43,13.07
2025-07-16,Єфименко,Одеса,Україна,FreshTrade,Київ,Україна,Mars,Солодощі,8,94.14
2025-06-19,Демиденко,Харків,Україна,EastMarket,Харків,Україна,Sprite,Напої,41,87.43
2025-09-22,Мамчур,Львів,Україна,EcoFoods,Одеса,Україна,Milka,Солодощі,42,63.83
2025-11-13,Теліженко,Дніпро,Україна,EcoFoods,Одеса,Україна,Jacobs,Кава,35,33.9
2025-09-03,Пилипенко,Львів,Україна,EcoFoods,Одеса,Україна,Snickers,Солодощі,32,88.1
2025-11-11,Бараник,Київ,Україна,EcoFoods,Одеса,Україна,Jacobs,Кава,27,75.51
2025-10-06,Давиденко,Харків,Україна,EastMarket,Харків,Україна,Jacobs,Кава,45,45.1
2025-09-12,Карась,Київ,Україна,EcoFoods,Одеса,Україна,Milka,Солодощі,50,28.2
2025-07-08,Захаренко,Харків,Україна,GoodSupply,Львів,Україна,Nescafe,Кава,28,31.75
2025-10-18,Кащенко,Львів,Україна,GoodSupply,Львів,Україна,Mars,Солодощі,9,83.65
2025-08-06,Затула,Львів,Україна,EastMarket,Харків,Україна,Nescafe,Кава,32,119.17
2025-07-10,Гаєвський,Дніпро,Україна,EcoFoods,Одеса,Україна,Lipton Ice Tea,Напої,1,94.09
2025-10-29,Шинкаренко,Київ,Україна,GoodSupply,Львів,Україна,Lipton Ice Tea,Напої,24,36.38
2025-08-16,Аврамчук,Харків,Україна,EcoFoods,Одеса,Україна,Coca-Cola,Напої,38,46.45
2025-08-23,Василечко,Харків,Україна,GoodSupply,Львів,Україна,Milka,Солодощі,25,101.89
2025-10-22,Христенко,Львів,Україна,GoodSupply,Львів,Україна,Fanta,Напої,40,66.29
2025-09-20,Коваленко,Київ,Україна,GoodSupply,Львів,Україна,Nescafe,Кава,40,74.74
2025-06-02,Рудик,Одеса,Україна,EastMarket,Харків,Україна,Sprite,Напої,31,92.24
2025-08-09,Рубан,Харків,Україна,EastMarket,Харків,Україна,Milka,Солодощі,9,32.68
2025-09-01,Василевич,Львів,Україна,FreshTrade,Київ,Україна,Mars,Солодощі,40,93.22
2025-08-29,Юрчук,Одеса,Україна,EcoFoods,Одеса,Україна,Nescafe,Кава,40,86.99
2025-07-12,Зінкевич,Львів,Україна,EastMarket,Харків,Україна,Sprite,Напої,43,104.74
2025-10-11,Іванченко,Львів,Україна,FreshTrade,Київ,Україна,Snickers,Солодощі,49,99.87
2025-07-22,Величко,Харків,Україна,GoodSupply,Львів,Україна,Lipton Ice Tea,Напої,32,11.04
2025-09-17,Демʼяненко,Одеса,Україна,GoodSupply,Львів,Україна,Jacobs,Кава,28,86.47
2025-11-11,Бараник,Одеса,Україна,GoodSupply,Львів,Україна,Jacobs,Кава,39,98.21
2025-06-07,Їжакевич,Львів,Україна,EastMarket,Харків,Україна,Coca-Cola,Напої,5,97.03
2025-08-08,Жученко,Дніпро,Україна,EcoFoods,Одеса,Україна,Nescafe,Кава,8,27.45
2025-07-14,Чабан,Одеса,Україна,FreshTrade,Київ,Україна,Fanta,Напої,24,13.3
2025-10-18,Деряжний,Харків,Україна,GoodSupply,Львів,Україна,Milka,Солодощі,45,115.38
2025-06-25,Влох,Одеса,Україна,EcoFoods,Одеса,Україна,Sprite,Напої,43,90.51
2025-09-19,Баклан,Одеса,Україна,GoodSupply,Львів,Україна,Lipton Ice Tea,Напої,43,75.81
2025-08-12,Ващенко,Дніпро,Україна,FreshTrade,Київ,Україна,Jacobs,Кава,16,75.49
2025-07-21,Баранник,Київ,Україна,EastMarket,Харків,Україна,Sprite,Напої,15,88.67
2025-06-02,Москаль,Дніпро,Україна,GoodSupply,Львів,Україна,Fanta,Напої,20,56.57
2025-09-19,Фоменко,Дніпро,Україна,FreshTrade,Київ,Україна,Sprite,Напої,31,75.19
2025-07-27,Дурдинець,Київ,Україна,EcoFoods,Одеса,Україна,Lipton Ice Tea,Напої,10,102.8
2025-07-07,Затовканюк,Дніпро,Україна,GoodSupply,Львів,Україна,Lipton Ice Tea,Напої,29,11.67
2025-07-19,Мірошниченко,Дніпро,Україна,EastMarket,Харків,Україна,Jacobs,Кава,49,67.26
2025-09-13,Данькевич,Київ,Україна,GoodSupply,Львів,Україна,Coca-Cola,Напої,15,67.02
2025-06-07,Засядько,Львів,Україна,EcoFoods,Одеса,Україна,Nescafe,Кава,14,112.13
2025-09-23,Єрьоменко,Київ,Україна,GoodSupply,Львів,Україна,Sprite,Напої,33,37.51
2025-09-03,Бабич,Харків,Україна,EastMarket,Харків,Україна,Snickers,Солодощі,10,90.73
2025-10-24,Адаменко,Львів,Україна,GoodSupply,Львів,Україна,Jacobs,Кава,30,44.98
2025-10-08,Парасюк,Київ,Україна,EastMarket,Харків,Україна,Jacobs,Кава,14,67.84
2025-11-04,Алексюк,Одеса,Україна,EastMarket,Харків,Україна,Jacobs,Кава,37,41.13
2025-08-16,Дубас,Одеса,Україна,EcoFoods,Одеса,Україна,Mars,Солодощі,31,67.26
2025-07-17,Дробаха,Львів,Україна,EastMarket,Харків,Україна,Mars,Солодощі,8,31.66
2025-10-06,Малишко,Київ,Україна,EastMarket,Харків,Україна,Jacobs,Кава,31,82.43
2025-07-06,Макаренко,Одеса,Україна,EastMarket,Харків,Україна,Fanta,Напої,23,23.69
2025-09-08,Гриценко,Одеса,Україна,EastMarket,Харків,Україна,Snickers,Солодощі,23,43.8
2025-11-19,Охримович,Одеса,Україна,FreshTrade,Київ,Україна,Mars,Солодощі,20,25.57
2025-07-31,Демʼяненко,Харків,Україна,GoodSupply,Львів,Україна,Lipton Ice Tea,Напої,31,18.04
2025-09-04,Байда,Львів,Україна,GoodSupply,Львів,Україна,Coca-Cola,Напої,42,41.53
2025-09-26,Перепелиця,Харків,Україна,FreshTrade,Київ,Україна,Fanta,Напої,2,11.27
2025-06-21,Нестайко,Дніпро,Україна,GoodSupply,Львів,Україна,Lipton Ice Tea,Напої,20,38.28
2025-09-13,Заїка,Дніпро,Україна,FreshTrade,Київ,Україна,Fanta,Напої,34,98.81
2025-10-17,Бабʼяк,Одеса,Україна,EastMarket,Харків,Україна,Jacobs,Кава,34,64.89
2025-07-09,Щорс,Львів,Україна,EastMarket,Харків,Україна,Jacobs,Кава,11,44.95
2025-09-29,Макаренко,Дніпро,Україна,EcoFoods,Одеса,Україна,Snickers,Солодощі,30,116.1
2025-07-25,Пʼятаченко,Харків,Україна,FreshTrade,Київ,Україна,Milka,Солодощі,6,13.57
2025-10-19,Тягнибок,Одеса,Україна,EcoFoods,Одеса,Україна,Coca-Cola,Напої,31,117.07
2025-11-18,Сагаль,Харків,Україна,EcoFoods,Одеса,Україна,Nescafe,Кава,6,82.35
2025-07-29,Дзиндра,Київ,Україна,FreshTrade,Київ,Україна,Snickers,Солодощі,46,52.62
2025-05-28,Павличенко,Дніпро,Україна,EcoFoods,Одеса,Україна,Coca-Cola,Напої,37,17.29
2025-09-22,Оніщук,Дніпро,Україна,EcoFoods,Одеса,Україна,Nescafe,Кава,18,20.89
2025-08-12,Девдюк,Харків,Україна,GoodSupply,Львів,Україна,Nescafe,Кава,28,25.68
2025-08-20,Рябовіл,Львів,Україна,EcoFoods,Одеса,Україна,Coca-Cola,Напої,49,86.17
2025-09-03,Валенко,Харків,Україна,EcoFoods,Одеса,Україна,Nescafe,Кава,40,67.92
2025-07-12,Вернидуб,Дніпро,Україна,EastMarket,Харків,Україна,Sprite,Напої,34,113.78
2025-11-04,Запорожець,Київ,Україна,EastMarket,Харків,Україна,Milka,Солодощі,44,78.77
2025-08-11,Дерегус,Харків,Україна,GoodSupply,Львів,Україна,Nescafe,Кава,1,44.28
2025-11-02,Коваленко,Харків,Україна,EcoFoods,Одеса,Україна,Sprite,Напої,45,42.15
2025-09-12,Дурдинець,Дніпро,Україна,EastMarket,Харків,Україна,Snickers,Солодощі,47,24.44
2025-05-31,Бабич,Харків,Україна,FreshTrade,Київ,Україна,Mars,Солодощі,1,111.69
2025-05-30,Засуха,Дніпро,Україна,FreshTrade,Київ,Україна,Milka,Солодощі,50,47.66
2025-06-02,Лемешко,Київ,Україна,FreshTrade,Київ,Україна,Fanta,Напої,32,46.98
2025-11-12,Ґоляш,Львів,Україна,EcoFoods,Одеса,Україна,Fanta,Напої,33,16.19
2025-07-26,Деряжний,Одеса,Україна,FreshTrade,Київ,Україна,Mars,Солодощі,8,99.41
2025-06-29,Гайворонський,Дніпро,Україна,FreshTrade,Київ,Україна,Sprite,Напої,21,17.75
2025-06-30,Ґереґа,Львів,Україна,EastMarket,Харків,Україна,Lipton Ice Tea,Напої,8,42.72
2025-06-26,Данчук,Київ,Україна,EastMarket,Харків,Україна,Coca-Cola,Напої,50,20.23
2025-08-29,Удовиченко,Одеса,Україна,EastMarket,Харків,Україна,Sprite,Напої,6,21.81
2025-10-28,Євтушок,Дніпро,Україна,EcoFoods,Одеса,Україна,Fanta,Напої,20,98.02
2025-07-11,Сич,Львів,Україна,FreshTrade,Київ,Україна,Jacobs,Кава,30,89.82
2025-10-31,Овсієнко,Київ,Україна,EastMarket,Харків,Україна,Snickers,Солодощі,1,116.58
2025-11-19,Москаль,Харків,Україна,EastMarket,Харків,Україна,Mars,Солодощі,42,28.11
2025-07-02,Ейбоженко,Харків,Україна,GoodSupply,Львів,Україна,Mars,Солодощі,43,73.47
2025-11-18,Ткаченко,Дніпро,Україна,EcoFoods,Одеса,Україна,Sprite,Напої,20,96.28
2025-07-12,Щербань,Київ,Україна,EastMarket,Харків,Україна,Milka,Солодощі,13,12.2
2025-10-28,Гавришкевич,Київ,Україна,FreshTrade,Київ,Україна,Fanta,Напої,26,22.98
2025-11-16,Гайворонський,Дніпро,Україна,GoodSupply,Львів,Україна,Lipton Ice Tea,Напої,33,35.31
2025-09-07,Абраменко,Дніпро,Україна,GoodSupply,Львів,Україна,Snickers,Солодощі,30,32.2
2025-08-31,Ткаченко,Львів,Україна,FreshTrade,Київ,Україна,Lipton Ice Tea,Напої,28,52.82
2025-08-11,Шевченко,Київ,Україна,EastMarket,Харків,Україна,Jacobs,Кава,20,50.81
2025-11-08,Бездітко,Харків,Україна,EastMarket,Харків,Україна,Coca-Cola,Напої,3,34.87
2025-08-11,Вергун,Дніпро,Україна,EcoFoods,Одеса,Україна,Lipton Ice Tea,Напої,47,106.92
2025-06-10,Асаула,Одеса,Україна,GoodSupply,Львів,Україна,Mars,Солодощі,10,22.71
2025-11-19,Рябченко,Харків,Україна,EastMarket,Харків,Україна,Lipton Ice Tea,Напої,41,37.12
2025-05-31,Гузенко,Харків,Україна,EcoFoods,Одеса,Україна,Fanta,Напої,2,34.32
2025-07-10,Баштан,Харків,Україна,FreshTrade,Київ,Україна,Mars,Солодощі,37,48.76
2025-10-09,Малик,Київ,Україна,EcoFoods,Одеса,Україна,Snickers,Солодощі,14,97.67
2025-07-09,Товстоліс,Львів,Україна,FreshTrade,Київ,Україна,Mars,Солодощі,24,90.03
2025-08-20,Закусило,Харків,Україна,FreshTrade,Київ,Україна,Snickers,Солодощі,41,51.21
2025-08-21,Лазаренко,Одеса,Україна,FreshTrade,Київ,Україна,Mars,Солодощі,12,59.9
2025-07-17,Колодуб,Дніпро,Україна,GoodSupply,Львів,Україна,Lipton Ice Tea,Напої,22,68.14
2025-07-21,Чміль,Львів,Україна,FreshTrade,Київ,Україна,Snickers,Солодощі,31,109.93
2025-09-11,Давимука,Львів,Україна,EastMarket,Харків,Україна,Sprite,Напої,29,65.62
2025-08-22,Петлюра,Дніпро,Україна,EcoFoods,Одеса,Україна,Nescafe,Кава,1,102.53
2025-10-28,Гоголь,Харків,Україна,EastMarket,Харків,Україна,Nescafe,Кава,24,57.04
2025-09-04,Швачко,Дніпро,Україна,EastMarket,Харків,Україна,Jacobs,Кава,30,62.29
2025-10-22,Зайченко,Дніпро,Україна,FreshTrade,Київ,Україна,Fanta,Напої,36,93.37
2025-07-11,Христенко,Львів,Україна,EcoFoods,Одеса,Україна,Nescafe,Кава,47,106.55
2025-08-14,Даниленко,Львів,Україна,EcoFoods,Одеса,Україна,Milka,Солодощі,23,119.77
2025-07-16,Каденюк,Львів,Україна,GoodSupply,Львів,Україна,Fanta,Напої,37,102.36
2025-09-03,Штепа,Одеса,Україна,EcoFoods,Одеса,Україна,Jacobs,Кава,43,36.97
2025-10-17,Дергач,Київ,Україна,EastMarket,Харків,Україна,Lipton Ice Tea,Напої,17,73.46
2025-07-22,Бабак,Дніпро,Україна,FreshTrade,Київ,Україна,Mars,Солодощі,30,54.47
2025-10-10,Величко,Одеса,Україна,FreshTrade,Київ,Україна,Fanta,Напої,47,49.12
2025-08-11,Дергач,Харків,Україна,EastMarket,Харків,Україна,Lipton Ice Tea,Напої,3,84.02
2025-08-29,Свириденко,Львів,Україна,GoodSupply,Львів,Україна,Snickers,Солодощі,16,16.92
2025-10-28,Вакуленко,Харків,Україна,EastMarket,Харків,Україна,Mars,Солодощі,37,15.35
2025-11-11,Базилевич,Київ,Україна,EcoFoods,Одеса,Україна,Milka,Солодощі,5,15.2
2025-11-16,Гоголь,Харків,Україна,EcoFoods,Одеса,Україна,Sprite,Напої,31,102.26
2025-08-05,Титаренко,Харків,Україна,GoodSupply,Львів,Україна,Milka,Солодощі,9,104.44
2025-08-19,Тичина,Харків,Україна,EastMarket,Харків,Україна,Mars,Солодощі,34,97.1
2025-11-10,Салій,Харків,Україна,EastMarket,Харків,Україна,Mars,Солодощі,44,99.33
2025-07-17,Мамчур,Харків,Україна,EastMarket,Харків,Україна,Snickers,Солодощі,19,37.66
2025-07-31,Конопленко,Харків,Україна,EastMarket,Харків,Україна,Mars,Солодощі,9,71.88
2025-08-05,Чередник,Київ,Україна,FreshTrade,Київ,Україна,Lipton Ice Tea,Напої,46,55.21
2025-09-21,Дашенко,Дніпро,Україна,EastMarket,Харків,Україна,Nescafe,Кава,31,39.44
2025-10-03,Журавель,Київ,Україна,EastMarket,Харків,Україна,Fanta,Напої,6,52.78
2025-09-30,Цимбал,Київ,Україна,EcoFoods,Одеса,Україна,Milka,Солодощі,2,65.17
2025-07-28,Алексійчук,Дніпро,Україна,EcoFoods,Одеса,Україна,Nescafe,Кава,37,113.46
2025-08-12,Гречаник,Дніпро,Україна,FreshTrade,Київ,Україна,Snickers,Солодощі,44,76.6
2025-06-17,Засенко,Київ,Україна,EcoFoods,Одеса,Україна,Nescafe,Кава,34,98.85
2025-06-09,Швачко,Одеса,Україна,FreshTrade,Київ,Україна,Fanta,Напої,43,54.37
2025-06-25,Романець,Харків,Україна,FreshTrade,Київ,Україна,Jacobs,Кава,11,58.42
2025-09-24,Худобʼяк,Київ,Україна,GoodSupply,Львів,Україна,Jacobs,Кава,24,51.56
2025-11-09,Верменич,Київ,Україна,GoodSupply,Львів,Україна,Sprite,Напої,47,100.51
2025-10-27,Гайворонський,Київ,Україна,GoodSupply,Львів,Україна,Milka,Солодощі,41,12.78
2025-05-25,Чарниш,Київ,Україна,EcoFoods,Одеса,Україна,Sprite,Напої,24,18.71
2025-06-07,Охріменко,Харків,Україна,EastMarket,Харків,Україна,Coca-Cola,Напої,39,71.92
2025-10-01,Єщенко,Одеса,Україна,FreshTrade,Київ,Україна,Mars,Солодощі,2,15.35
2025-05-27,Засенко,Київ,Україна,EcoFoods,Одеса,Україна,Snickers,Солодощі,30,95.51
2025-07-13,Рудик,Дніпро,Україна,GoodSupply,Львів,Україна,Milka,Солодощі,19,45.13
2025-08-23,Панчук,Львів,Україна,EcoFoods,Одеса,Україна,Coca-Cola,Напої,15,106.19
2025-10-23,Барабаш,Дніпро,Україна,EastMarket,Харків,Україна,Lipton Ice Tea,Напої,35,82.7
2025-06-16,Скирда,Одеса,Україна,FreshTrade,Київ,Україна,Lipton Ice Tea,Напої,5,52.93
2025-09-11,Закусило,Одеса,Україна,EastMarket,Харків,Україна,Coca-Cola,Напої,36,108.28
2025-08-16,Хомик,Київ,Україна,EastMarket,Харків,Україна,Nescafe,Кава,6,118.91
2025-07-21,Хмара,Київ,Україна,EastMarket,Харків,Україна,Nescafe,Кава,18,42.84
2025-10-29,Вернигора,Київ,Україна,EcoFoods,Одеса,Україна,Nescafe,Кава,49,43.78
